T0_K,time_us,R_um,Rdot_m_s,T_drop_K,film_thick_um,log10_time_us,Pb_bar,P_sat_bar
273.0,0.000000e+00,2.397557e-01,0.000000e+00,273.000000,8.226024e+01,-20.000000,4.294002,4.294002
273.0,1.000000e-01,4.961382e-01,4.772177e+00,273.000000,8.200386e+01,-1.000000,3.407359,4.294002
273.0,2.000000e-01,1.062447e+00,6.077083e+00,273.000000,8.143755e+01,-0.698970,2.897527,4.294002
273.0,3.000000e-01,1.668952e+00,5.978761e+00,273.000000,8.083105e+01,-0.522879,2.657248,4.294002
273.0,4.000000e-01,2.252326e+00,5.676636e+00,273.000000,8.024767e+01,-0.397940,2.517960,4.294002
273.0,5.000000e-01,2.804311e+00,5.362600e+00,273.000000,7.969569e+01,-0.301030,2.426036,4.294002
273.0,6.000000e-01,3.325974e+00,5.072567e+00,273.000000,7.917403e+01,-0.221849,2.360448,4.294002
273.0,7.000000e-01,3.820079e+00,4.811697e+00,273.000000,7.867992e+01,-0.154902,2.311206,4.294002
273.0,8.000000e-01,4.289472e+00,4.578119e+00,273.000000,7.821053e+01,-0.096910,2.272892,4.294002
273.0,9.000000e-01,4.736724e+00,4.368545e+00,273.000000,7.776328e+01,-0.045757,2.242289,4.294002
273.0,1.000000e+00,5.164072e+00,4.179739e+00,273.000000,7.733593e+01,-0.000000,2.217348,4.294002
273.0,1.100000e+00,5.573449e+00,4.008866e+00,273.000000,7.692655e+01,0.041393,2.196694,4.294002
273.0,1.200000e+00,5.966526e+00,3.853533e+00,273.000000,7.653347e+01,0.079181,2.179367,4.294002
273.0,1.300000e+00,6.344755e+00,3.711739e+00,273.000000,7.615524e+01,0.113943,2.164674,4.294002
273.0,1.400000e+00,6.709405e+00,3.581812e+00,273.000000,7.579060e+01,0.146128,2.152098,4.294002
273.0,1.500000e+00,7.061591e+00,3.462344e+00,273.000000,7.543841e+01,0.176091,2.141249,4.294002
273.0,1.600000e+00,7.402297e+00,3.352148e+00,273.000000,7.509770e+01,0.204120,2.131824,4.294002
273.0,1.700000e+00,7.732401e+00,3.250209e+00,273.000000,7.476760e+01,0.230449,2.123584,4.294002
273.0,1.800000e+00,8.052684e+00,3.155659e+00,273.000000,7.444732e+01,0.255273,2.116339,4.294002
273.0,1.900000e+00,8.363846e+00,3.067746e+00,273.000000,7.413615e+01,0.278754,2.109934,4.294002
273.0,2.000000e+00,8.666517e+00,2.985819e+00,273.000000,7.383348e+01,0.301030,2.104246,4.294002
273.0,2.100000e+00,8.961269e+00,2.909306e+00,273.000000,7.353873e+01,0.322219,2.099170,4.294002
273.0,2.200000e+00,9.248616e+00,2.837706e+00,273.000000,7.325138e+01,0.342423,2.094620,4.294002
273.0,2.300000e+00,9.529028e+00,2.770576e+00,273.000000,7.297097e+01,0.361728,2.090526,4.294002
273.0,2.400000e+00,9.802932e+00,2.707523e+00,273.000000,7.269707e+01,0.380211,2.086826,4.294002
273.0,2.500000e+00,1.007072e+01,2.648198e+00,273.000000,7.242928e+01,0.397940,2.083470,4.294002
273.0,2.600000e+00,1.033274e+01,2.592287e+00,273.000000,7.216726e+01,0.414973,2.080413,4.294002
273.0,2.700000e+00,1.058933e+01,2.539510e+00,273.000000,7.191067e+01,0.431364,2.077621,4.294002
273.0,2.800000e+00,1.084079e+01,2.489614e+00,273.000000,7.165921e+01,0.447158,2.075059,4.294002
273.0,2.900000e+00,1.108739e+01,2.442373e+00,273.000000,7.141261e+01,0.462398,2.072702,4.294002
273.0,3.000000e+00,1.132939e+01,2.397580e+00,273.000000,7.117061e+01,0.477121,2.070526,4.294002
273.0,3.100000e+00,1.156703e+01,2.355049e+00,273.000000,7.093297e+01,0.491362,2.068511,4.294002
273.0,3.200000e+00,1.180052e+01,2.314611e+00,273.000000,7.069948e+01,0.505150,2.066639,4.294002
273.0,3.300000e+00,1.203006e+01,2.276113e+00,273.000000,7.046994e+01,0.518514,2.064894,4.294002
273.0,3.400000e+00,1.225584e+01,2.239414e+00,273.000000,7.024416e+01,0.531479,2.063263,4.294002
273.0,3.500000e+00,1.247803e+01,2.204388e+00,273.000000,7.002197e+01,0.544068,2.061736,4.294002
273.0,3.600000e+00,1.269680e+01,2.170916e+00,273.000000,6.980320e+01,0.556303,2.060301,4.294002
273.0,3.700000e+00,1.291229e+01,2.138894e+00,273.000000,6.958771e+01,0.568202,2.058950,4.294002
273.0,3.800000e+00,1.312465e+01,2.108223e+00,273.000000,6.937535e+01,0.579784,2.057674,4.294002
273.0,3.900000e+00,1.333401e+01,2.078814e+00,273.000000,6.916599e+01,0.591065,2.056468,4.294002
273.0,4.000000e+00,1.354049e+01,2.050585e+00,273.000000,6.895951e+01,0.602060,2.055324,4.294002
273.0,4.100000e+00,1.374419e+01,2.023461e+00,273.000000,6.875581e+01,0.612784,2.054238,4.294002
273.0,4.200000e+00,1.394524e+01,1.997372e+00,273.000000,6.855476e+01,0.623249,2.053205,4.294002
273.0,4.300000e+00,1.414372e+01,1.972255e+00,273.000000,6.835628e+01,0.633468,2.052221,4.294002
273.0,4.400000e+00,1.433975e+01,1.948052e+00,273.000000,6.816025e+01,0.643453,2.051282,4.294002
273.0,4.500000e+00,1.453339e+01,1.924708e+00,273.000000,6.796661e+01,0.653213,2.050384,4.294002
273.0,4.600000e+00,1.472474e+01,1.902174e+00,273.000000,6.777526e+01,0.662758,2.049524,4.294002
273.0,4.700000e+00,1.491387e+01,1.880403e+00,273.000000,6.758613e+01,0.672098,2.048701,4.294002
273.0,4.800000e+00,1.510086e+01,1.859353e+00,273.000000,6.739914e+01,0.681241,2.047911,4.294002
273.0,4.900000e+00,1.528578e+01,1.838984e+00,273.000000,6.721422e+01,0.690196,2.047152,4.294002
273.0,5.000000e+00,1.546870e+01,1.819261e+00,273.000000,6.703130e+01,0.698970,2.046423,4.294002
273.0,5.100000e+00,1.564968e+01,1.800149e+00,273.000000,6.685032e+01,0.707570,2.045722,4.294002
273.0,5.200000e+00,1.582877e+01,1.781617e+00,273.000000,6.667123e+01,0.716003,2.045046,4.294002
273.0,5.300000e+00,1.600604e+01,1.763636e+00,273.000000,6.649396e+01,0.724276,2.044395,4.294002
273.0,5.400000e+00,1.618153e+01,1.746179e+00,273.000000,6.631847e+01,0.732394,2.043767,4.294002
273.0,5.500000e+00,1.635531e+01,1.729220e+00,273.000000,6.614469e+01,0.740363,2.043161,4.294002
273.0,5.600000e+00,1.652741e+01,1.712736e+00,273.000000,6.597259e+01,0.748188,2.042576,4.294002
273.0,5.700000e+00,1.669788e+01,1.696706e+00,273.000000,6.580212e+01,0.755875,2.042011,4.294002
273.0,5.800000e+00,1.686678e+01,1.681108e+00,273.000000,6.563322e+01,0.763428,2.041464,4.294002
273.0,5.900000e+00,1.703414e+01,1.665923e+00,273.000000,6.546586e+01,0.770852,2.040936,4.294002
273.0,6.000000e+00,1.719999e+01,1.651134e+00,273.000000,6.530001e+01,0.778151,2.040424,4.294002
273.0,6.100000e+00,1.736439e+01,1.636723e+00,273.000000,6.513561e+01,0.785330,2.039928,4.294002
273.0,6.200000e+00,1.752736e+01,1.622676e+00,273.000000,6.497264e+01,0.792392,2.039448,4.294002
273.0,6.300000e+00,1.768895e+01,1.608976e+00,273.000000,6.481105e+01,0.799341,2.038983,4.294002
273.0,6.400000e+00,1.784918e+01,1.595610e+00,273.000000,6.465082e+01,0.806180,2.038532,4.294002
273.0,6.500000e+00,1.800810e+01,1.582565e+00,273.000000,6.449190e+01,0.812913,2.038095,4.294002
273.0,6.600000e+00,1.816572e+01,1.569828e+00,273.000000,6.433428e+01,0.819544,2.037670,4.294002
273.0,6.700000e+00,1.832208e+01,1.557388e+00,273.000000,6.417792e+01,0.826075,2.037258,4.294002
273.0,6.800000e+00,1.847722e+01,1.545233e+00,273.000000,6.402278e+01,0.832509,2.036857,4.294002
273.0,6.900000e+00,1.863115e+01,1.533354e+00,273.000000,6.386885e+01,0.838849,2.036468,4.294002
273.0,7.000000e+00,1.878391e+01,1.521739e+00,273.000000,6.371609e+01,0.845098,2.036090,4.294002
273.0,7.100000e+00,1.893552e+01,1.510380e+00,273.000000,6.356448e+01,0.851258,2.035722,4.294002
273.0,7.200000e+00,1.908601e+01,1.499267e+00,273.000000,6.341399e+01,0.857332,2.035365,4.294002
273.0,7.300000e+00,1.923539e+01,1.488393e+00,273.000000,6.326461e+01,0.863323,2.035016,4.294002
273.0,7.400000e+00,1.938370e+01,1.477748e+00,273.000000,6.311630e+01,0.869232,2.034677,4.294002
273.0,7.500000e+00,1.953096e+01,1.467325e+00,273.000000,6.296904e+01,0.875061,2.034347,4.294002
273.0,7.600000e+00,1.967718e+01,1.457117e+00,273.000000,6.282282e+01,0.880814,2.034025,4.294002
273.0,7.700000e+00,1.982240e+01,1.447117e+00,273.000000,6.267760e+01,0.886491,2.033712,4.294002
273.0,7.800000e+00,1.996662e+01,1.437318e+00,273.000000,6.253338e+01,0.892095,2.033406,4.294002
273.0,7.900000e+00,2.010988e+01,1.427713e+00,273.000000,6.239012e+01,0.897627,2.033107,4.294002
273.0,8.000000e+00,2.025218e+01,1.418296e+00,273.000000,6.224782e+01,0.903090,2.032816,4.294002
273.0,8.100000e+00,2.039355e+01,1.409062e+00,273.000000,6.210645e+01,0.908485,2.032532,4.294002
273.0,8.200000e+00,2.053401e+01,1.400004e+00,273.000000,6.196599e+01,0.913814,2.032254,4.294002
273.0,8.300000e+00,2.067357e+01,1.391118e+00,273.000000,6.182643e+01,0.919078,2.031983,4.294002
273.0,8.400000e+00,2.081225e+01,1.382398e+00,273.000000,6.168775e+01,0.924279,2.031718,4.294002
273.0,8.500000e+00,2.095006e+01,1.373839e+00,273.000000,6.154994e+01,0.929419,2.031459,4.294002
273.0,8.600000e+00,2.108703e+01,1.365436e+00,273.000000,6.141297e+01,0.934498,2.031206,4.294002
273.0,8.700000e+00,2.122316e+01,1.357184e+00,273.000000,6.127684e+01,0.939519,2.030958,4.294002
273.0,8.800000e+00,2.135848e+01,1.349080e+00,273.000000,6.114152e+01,0.944483,2.030715,4.294002
273.0,8.900000e+00,2.149299e+01,1.341119e+00,273.000000,6.100701e+01,0.949390,2.030478,4.294002
273.0,9.000000e+00,2.162672e+01,1.333297e+00,273.000000,6.087328e+01,0.954243,2.030245,4.294002
273.0,9.100000e+00,2.175966e+01,1.325609e+00,273.000000,6.074034e+01,0.959041,2.030017,4.294002
273.0,9.200000e+00,2.189185e+01,1.318053e+00,273.000000,6.060815e+01,0.963788,2.029794,4.294002
273.0,9.300000e+00,2.202329e+01,1.310624e+00,273.000000,6.047671e+01,0.968483,2.029575,4.294002
273.0,9.400000e+00,2.215399e+01,1.303319e+00,273.000000,6.034601e+01,0.973128,2.029360,4.294002
273.0,9.500000e+00,2.228396e+01,1.296134e+00,273.000000,6.021604e+01,0.977724,2.029150,4.294002
273.0,9.600000e+00,2.241322e+01,1.289066e+00,273.000000,6.008678e+01,0.982271,2.028944,4.294002
273.0,9.700000e+00,2.254179e+01,1.282113e+00,273.000000,5.995821e+01,0.986772,2.028741,4.294002
273.0,9.800000e+00,2.266966e+01,1.275270e+00,273.000000,5.983034e+01,0.991226,2.028542,4.294002
273.0,9.900000e+00,2.279685e+01,1.268536e+00,273.000000,5.970315e+01,0.995635,2.028347,4.294002
273.0,1.000000e+01,2.292337e+01,1.261907e+00,273.000000,5.957663e+01,1.000000,2.028155,4.294002
273.0,1.010000e+01,2.304924e+01,1.255380e+00,273.000000,5.945076e+01,1.004321,2.027967,4.294002
273.0,1.020000e+01,2.317446e+01,1.248953e+00,273.000000,5.932554e+01,1.008600,2.027782,4.294002
273.0,1.030000e+01,2.329904e+01,1.242624e+00,273.000000,5.920096e+01,1.012837,2.027601,4.294002
273.0,1.040000e+01,2.342299e+01,1.236389e+00,273.000000,5.907701e+01,1.017033,2.027422,4.294002
273.0,1.050000e+01,2.354633e+01,1.230247e+00,273.000000,5.895367e+01,1.021189,2.027246,4.294002
273.0,1.060000e+01,2.366905e+01,1.224194e+00,273.000000,5.883095e+01,1.025306,2.027074,4.294002
273.0,1.070000e+01,2.379118e+01,1.218230e+00,273.000000,5.870882e+01,1.029384,2.026904,4.294002
273.0,1.080000e+01,2.391271e+01,1.212352e+00,273.000000,5.858729e+01,1.033424,2.026737,4.294002
273.0,1.090000e+01,2.403366e+01,1.206557e+00,273.000000,5.846634e+01,1.037426,2.026573,4.294002
273.0,1.100000e+01,2.415403e+01,1.200844e+00,273.000000,5.834597e+01,1.041393,2.026412,4.294002
273.0,1.110000e+01,2.427383e+01,1.195211e+00,273.000000,5.822617e+01,1.045323,2.026253,4.294002
273.0,1.120000e+01,2.439308e+01,1.189656e+00,273.000000,5.810692e+01,1.049218,2.026096,4.294002
273.0,1.130000e+01,2.451177e+01,1.184177e+00,273.000000,5.798823e+01,1.053078,2.025942,4.294002
273.0,1.140000e+01,2.462992e+01,1.178773e+00,273.000000,5.787008e+01,1.056905,2.025791,4.294002
273.0,1.150000e+01,2.474753e+01,1.173441e+00,273.000000,5.775247e+01,1.060698,2.025642,4.294002
273.0,1.160000e+01,2.486462e+01,1.168180e+00,273.000000,5.763538e+01,1.064458,2.025495,4.294002
273.0,1.170000e+01,2.498118e+01,1.162989e+00,273.000000,5.751882e+01,1.068186,2.025350,4.294002
273.0,1.180000e+01,2.509722e+01,1.157866e+00,273.000000,5.740278e+01,1.071882,2.025207,4.294002
273.0,1.190000e+01,2.521276e+01,1.152809e+00,273.000000,5.728724e+01,1.075547,2.025067,4.294002
273.0,1.200000e+01,2.532779e+01,1.147818e+00,273.000000,5.717221e+01,1.079181,2.024929,4.294002
273.0,1.210000e+01,2.544233e+01,1.142890e+00,273.000000,5.705767e+01,1.082785,2.024793,4.294002
273.0,1.220000e+01,2.555638e+01,1.138024e+00,273.000000,5.694362e+01,1.086360,2.024658,4.294002
273.0,1.230000e+01,2.566994e+01,1.133220e+00,273.000000,5.683006e+01,1.089905,2.024526,4.294002
273.0,1.240000e+01,2.578303e+01,1.128475e+00,273.000000,5.671697e+01,1.093422,2.024396,4.294002
273.0,1.250000e+01,2.589564e+01,1.123788e+00,273.000000,5.660436e+01,1.096910,2.024267,4.294002
273.0,1.260000e+01,2.600779e+01,1.119159e+00,273.000000,5.649221e+01,1.100371,2.024141,4.294002
273.0,1.270000e+01,2.611948e+01,1.114587e+00,273.000000,5.638052e+01,1.103804,2.024016,4.294002
273.0,1.280000e+01,2.623072e+01,1.110069e+00,273.000000,5.626928e+01,1.107210,2.023893,4.294002
273.0,1.290000e+01,2.634150e+01,1.105605e+00,273.000000,5.615850e+01,1.110590,2.023771,4.294002
273.0,1.300000e+01,2.645184e+01,1.101194e+00,273.000000,5.604816e+01,1.113943,2.023652,4.294002
273.0,1.310000e+01,2.656175e+01,1.096835e+00,273.000000,5.593825e+01,1.117271,2.023534,4.294002
273.0,1.320000e+01,2.667122e+01,1.092527e+00,273.000000,5.582878e+01,1.120574,2.023417,4.294002
273.0,1.330000e+01,2.678026e+01,1.088269e+00,273.000000,5.571974e+01,1.123852,2.023302,4.294002
273.0,1.340000e+01,2.688888e+01,1.084060e+00,273.000000,5.561112e+01,1.127105,2.023189,4.294002
273.0,1.350000e+01,2.699708e+01,1.079899e+00,273.000000,5.550292e+01,1.130334,2.023077,4.294002
273.0,1.360000e+01,2.710486e+01,1.075785e+00,273.000000,5.539514e+01,1.133539,2.022967,4.294002
273.0,1.370000e+01,2.721224e+01,1.071718e+00,273.000000,5.528776e+01,1.136721,2.022858,4.294002
273.0,1.380000e+01,2.731921e+01,1.067695e+00,273.000000,5.518079e+01,1.139879,2.022751,4.294002
273.0,1.390000e+01,2.742578e+01,1.063718e+00,273.000000,5.507422e+01,1.143015,2.022645,4.294002
273.0,1.400000e+01,2.753196e+01,1.059784e+00,273.000000,5.496804e+01,1.146128,2.022546,4.294002
273.0,1.410000e+01,2.763775e+01,1.055919e+00,273.000000,5.486225e+01,1.149219,2.022548,4.294002
273.0,1.420000e+01,2.774315e+01,1.052184e+00,273.000000,5.475685e+01,1.152288,2.022678,4.294002
273.0,1.430000e+01,2.784819e+01,1.048642e+00,273.000000,5.465181e+01,1.155336,2.022931,4.294002
273.0,1.440000e+01,2.795289e+01,1.045352e+00,273.000000,5.454711e+01,1.158362,2.023298,4.294002
273.0,1.450000e+01,2.805728e+01,1.042365e+00,273.000000,5.444272e+01,1.161368,2.023773,4.294002
273.0,1.460000e+01,2.816138e+01,1.039729e+00,273.000000,5.433862e+01,1.164353,2.024348,4.294002
273.0,1.470000e+01,2.826524e+01,1.037487e+00,273.000000,5.423476e+01,1.167317,2.025015,4.294002
273.0,1.480000e+01,2.836889e+01,1.035677e+00,273.000000,5.413111e+01,1.170262,2.025766,4.294002
273.0,1.490000e+01,2.847239e+01,1.034331e+00,273.000000,5.402761e+01,1.173186,2.026593,4.294002
273.0,1.500000e+01,2.857578e+01,1.033478e+00,273.000000,5.392422e+01,1.176091,2.027488,4.294002
273.0,1.510000e+01,2.867910e+01,1.033141e+00,273.000000,5.382090e+01,1.178977,2.028442,4.294002
273.0,1.520000e+01,2.878242e+01,1.033339e+00,273.000000,5.371758e+01,1.181844,2.029449,4.294002
273.0,1.530000e+01,2.888579e+01,1.034085e+00,273.000000,5.361421e+01,1.184691,2.030500,4.294002
273.0,1.540000e+01,2.898926e+01,1.035392e+00,273.000000,5.351074e+01,1.187521,2.031588,4.294002
273.0,1.550000e+01,2.909288e+01,1.037264e+00,273.000000,5.340712e+01,1.190332,2.032705,4.294002
273.0,1.560000e+01,2.919673e+01,1.039705e+00,273.000000,5.330327e+01,1.193125,2.033844,4.294002
273.0,1.570000e+01,2.930084e+01,1.042714e+00,273.000000,5.319916e+01,1.195900,2.034999,4.294002
273.0,1.580000e+01,2.940528e+01,1.046285e+00,273.000000,5.309472e+01,1.198657,2.036162,4.294002
273.0,1.590000e+01,2.951011e+01,1.050413e+00,273.000000,5.298989e+01,1.201397,2.037329,4.294002
273.0,1.600000e+01,2.961538e+01,1.055087e+00,273.000000,5.288462e+01,1.204120,2.038492,4.294002
273.0,1.610000e+01,2.972114e+01,1.060294e+00,273.000000,5.277886e+01,1.206826,2.039647,4.294002
273.0,1.620000e+01,2.982745e+01,1.066018e+00,273.000000,5.267255e+01,1.209515,2.040788,4.294002
273.0,1.630000e+01,2.993436e+01,1.072242e+00,273.000000,5.256564e+01,1.212188,2.041911,4.294002
273.0,1.640000e+01,3.004191e+01,1.078948e+00,273.000000,5.245809e+01,1.214844,2.043012,4.294002
273.0,1.650000e+01,3.015016e+01,1.086113e+00,273.000000,5.234984e+01,1.217484,2.044087,4.294002
273.0,1.660000e+01,3.025914e+01,1.093715e+00,273.000000,5.224086e+01,1.220108,2.045132,4.294002
273.0,1.670000e+01,3.036890e+01,1.101732e+00,273.000000,5.213110e+01,1.222716,2.046145,4.294002
273.0,1.680000e+01,3.047949e+01,1.110138e+00,273.000000,5.202051e+01,1.225309,2.047122,4.294002
273.0,1.690000e+01,3.059094e+01,1.118908e+00,273.000000,5.190906e+01,1.227887,2.048062,4.294002
273.0,1.700000e+01,3.070327e+01,1.128016e+00,273.000000,5.179673e+01,1.230449,2.048963,4.294002
273.0,1.710000e+01,3.081654e+01,1.137437e+00,273.000000,5.168346e+01,1.232996,2.049824,4.294002
273.0,1.720000e+01,3.093076e+01,1.147144e+00,273.000000,5.156924e+01,1.235528,2.050643,4.294002
273.0,1.730000e+01,3.104597e+01,1.157111e+00,273.000000,5.145403e+01,1.238046,2.051420,4.294002
273.0,1.740000e+01,3.116218e+01,1.167313e+00,273.000000,5.133782e+01,1.240549,2.052155,4.294002
273.0,1.750000e+01,3.127943e+01,1.177724e+00,273.000000,5.122057e+01,1.243038,2.052848,4.294002
273.0,1.760000e+01,3.139772e+01,1.188319e+00,273.000000,5.110228e+01,1.245513,2.053500,4.294002
273.0,1.770000e+01,3.151709e+01,1.199074e+00,273.000000,5.098291e+01,1.247973,2.054111,4.294002
273.0,1.780000e+01,3.163753e+01,1.209967e+00,273.000000,5.086247e+01,1.250420,2.054681,4.294002
273.0,1.790000e+01,3.175907e+01,1.220976e+00,273.000000,5.074093e+01,1.252853,2.055214,4.294002
273.0,1.800000e+01,3.188172e+01,1.232079e+00,273.000000,5.061828e+01,1.255273,2.055709,4.294002
273.0,1.810000e+01,3.200548e+01,1.243256e+00,273.000000,5.049452e+01,1.257679,2.056170,4.294002
273.0,1.820000e+01,3.213036e+01,1.254490e+00,273.000000,5.036964e+01,1.260071,2.056597,4.294002
273.0,1.830000e+01,3.225637e+01,1.265763e+00,273.000000,5.024363e+01,1.262451,2.056993,4.294002
273.0,1.840000e+01,3.238350e+01,1.277059e+00,273.000000,5.011650e+01,1.264818,2.057361,4.294002
273.0,1.850000e+01,3.251177e+01,1.288364e+00,273.000000,4.998823e+01,1.267172,2.057702,4.294002
273.0,1.860000e+01,3.264116e+01,1.299666e+00,273.000000,4.985884e+01,1.269513,2.058019,4.294002
273.0,1.870000e+01,3.277169e+01,1.310952e+00,273.000000,4.972831e+01,1.271842,2.058315,4.294002
273.0,1.880000e+01,3.290334e+01,1.322212e+00,273.000000,4.959666e+01,1.274158,2.058592,4.294002
273.0,1.890000e+01,3.303612e+01,1.333438e+00,273.000000,4.946388e+01,1.276462,2.058854,4.294002
273.0,1.900000e+01,3.317002e+01,1.344623e+00,273.000000,4.932998e+01,1.278754,2.059102,4.294002
273.0,1.910000e+01,3.330503e+01,1.355761e+00,273.000000,4.919497e+01,1.281033,2.059340,4.294002
273.0,1.920000e+01,3.344116e+01,1.366848e+00,273.000000,4.905884e+01,1.283301,2.059571,4.294002
273.0,1.930000e+01,3.357839e+01,1.377879e+00,273.000000,4.892161e+01,1.285557,2.059796,4.294002
273.0,1.940000e+01,3.371672e+01,1.388854e+00,273.000000,4.878328e+01,1.287802,2.060018,4.294002
273.0,1.950000e+01,3.385615e+01,1.399771e+00,273.000000,4.864385e+01,1.290035,2.060241,4.294002
273.0,1.960000e+01,3.399666e+01,1.410631e+00,273.000000,4.850334e+01,1.292256,2.060467,4.294002
273.0,1.970000e+01,3.413826e+01,1.421436e+00,273.000000,4.836174e+01,1.294466,2.060697,4.294002
273.0,1.980000e+01,3.428094e+01,1.432187e+00,273.000000,4.821906e+01,1.296665,2.060935,4.294002
273.0,1.990000e+01,3.442468e+01,1.442887e+00,273.000000,4.807532e+01,1.298853,2.061182,4.294002
273.0,2.000000e+01,3.456950e+01,1.453542e+00,273.000000,4.793050e+01,1.301030,2.061441,4.294002
273.0,2.010000e+01,3.471538e+01,1.464156e+00,273.000000,4.778462e+01,1.303196,2.061713,4.294002
273.0,2.020000e+01,3.486232e+01,1.474735e+00,273.000000,4.763768e+01,1.305351,2.062001,4.294002
273.0,2.030000e+01,3.501032e+01,1.485285e+00,273.000000,4.748968e+01,1.307496,2.062306,4.294002
273.0,2.040000e+01,3.515937e+01,1.495812e+00,273.000000,4.734063e+01,1.309630,2.062630,4.294002
273.0,2.050000e+01,3.530947e+01,1.506325e+00,273.000000,4.719053e+01,1.311754,2.062975,4.294002
273.0,2.060000e+01,3.546062e+01,1.516831e+00,273.000000,4.703938e+01,1.313867,2.063342,4.294002
273.0,2.070000e+01,3.561282e+01,1.527337e+00,273.000000,4.688718e+01,1.315970,2.063731,4.294002
273.0,2.080000e+01,3.576608e+01,1.537853e+00,273.000000,4.673392e+01,1.318063,2.064146,4.294002
273.0,2.090000e+01,3.592038e+01,1.548388e+00,273.000000,4.657962e+01,1.320146,2.064586,4.294002
273.0,2.100000e+01,3.607575e+01,1.558949e+00,273.000000,4.642425e+01,1.322219,2.065052,4.294002
273.0,2.110000e+01,3.623216e+01,1.569546e+00,273.000000,4.626784e+01,1.324282,2.065546,4.294002
273.0,2.120000e+01,3.638965e+01,1.580189e+00,273.000000,4.611035e+01,1.326336,2.066067,4.294002
273.0,2.130000e+01,3.654819e+01,1.590886e+00,273.000000,4.595181e+01,1.328380,2.066618,4.294002
273.0,2.140000e+01,3.670781e+01,1.601646e+00,273.000000,4.579219e+01,1.330414,2.067198,4.294002
273.0,2.150000e+01,3.686851e+01,1.612479e+00,273.000000,4.563149e+01,1.332438,2.067809,4.294002
273.0,2.160000e+01,3.703030e+01,1.623393e+00,273.000000,4.546970e+01,1.334454,2.068449,4.294002
273.0,2.170000e+01,3.719319e+01,1.634398e+00,273.000000,4.530681e+01,1.336460,2.069121,4.294002
273.0,2.180000e+01,3.735717e+01,1.645502e+00,273.000000,4.514283e+01,1.338456,2.069823,4.294002
273.0,2.190000e+01,3.752228e+01,1.656714e+00,273.000000,4.497772e+01,1.340444,2.070557,4.294002
273.0,2.200000e+01,3.768851e+01,1.668043e+00,273.000000,4.481149e+01,1.342423,2.071323,4.294002
273.0,2.210000e+01,3.785588e+01,1.679496e+00,273.000000,4.464412e+01,1.344392,2.072120,4.294002
273.0,2.220000e+01,3.802440e+01,1.691082e+00,273.000000,4.447560e+01,1.346353,2.072949,4.294002
273.0,2.230000e+01,3.819409e+01,1.702808e+00,273.000000,4.430591e+01,1.348305,2.073811,4.294002
273.0,2.240000e+01,3.836496e+01,1.714682e+00,273.000000,4.413504e+01,1.350248,2.074704,4.294002
273.0,2.250000e+01,3.853702e+01,1.726712e+00,273.000000,4.396298e+01,1.352183,2.075629,4.294002
273.0,2.260000e+01,3.871029e+01,1.738904e+00,273.000000,4.378971e+01,1.354108,2.076586,4.294002
273.0,2.270000e+01,3.888479e+01,1.751266e+00,273.000000,4.361521e+01,1.356026,2.077575,4.294002
273.0,2.280000e+01,3.906054e+01,1.763803e+00,273.000000,4.343946e+01,1.357935,2.078596,4.294002
273.0,2.290000e+01,3.923755e+01,1.776523e+00,273.000000,4.326245e+01,1.359835,2.079650,4.294002
273.0,2.300000e+01,3.941584e+01,1.789432e+00,273.000000,4.308416e+01,1.361728,2.080735,4.294002
273.0,2.310000e+01,3.959543e+01,1.802534e+00,273.000000,4.290457e+01,1.363612,2.081852,4.294002
273.0,2.320000e+01,3.977634e+01,1.815836e+00,273.000000,4.272366e+01,1.365488,2.083002,4.294002
273.0,2.330000e+01,3.995859e+01,1.829344e+00,273.000000,4.254141e+01,1.367356,2.084183,4.294002
273.0,2.340000e+01,4.014220e+01,1.843062e+00,273.000000,4.235780e+01,1.369216,2.085397,4.294002
273.0,2.350000e+01,4.032719e+01,1.856996e+00,273.000000,4.217281e+01,1.371068,2.086642,4.294002
273.0,2.360000e+01,4.051359e+01,1.871149e+00,273.000000,4.198641e+01,1.372912,2.087921,4.294002
273.0,2.370000e+01,4.070142e+01,1.885528e+00,273.000000,4.179858e+01,1.374748,2.089231,4.294002
273.0,2.380000e+01,4.089069e+01,1.900135e+00,273.000000,4.160931e+01,1.376577,2.090574,4.294002
273.0,2.390000e+01,4.108144e+01,1.914976e+00,273.000000,4.141856e+01,1.378398,2.091950,4.294002
273.0,2.400000e+01,4.127368e+01,1.930054e+00,273.000000,4.122632e+01,1.380211,2.093359,4.294002
273.0,2.410000e+01,4.146744e+01,1.945374e+00,273.000000,4.103256e+01,1.382017,2.094801,4.294002
273.0,2.420000e+01,4.166275e+01,1.960939e+00,273.000000,4.083725e+01,1.383815,2.096276,4.294002
273.0,2.430000e+01,4.185962e+01,1.976753e+00,273.000000,4.064038e+01,1.385606,2.097786,4.294002
273.0,2.440000e+01,4.205809e+01,1.992820e+00,273.000000,4.044191e+01,1.387390,2.099330,4.294002
273.0,2.450000e+01,4.225818e+01,2.009143e+00,273.000000,4.024182e+01,1.389166,2.100909,4.294002
273.0,2.460000e+01,4.245991e+01,2.025725e+00,273.000000,4.004009e+01,1.390935,2.102523,4.294002
273.0,2.470000e+01,4.266331e+01,2.042571e+00,273.000000,3.983669e+01,1.392697,2.104173,4.294002
273.0,2.480000e+01,4.286842e+01,2.059683e+00,273.000000,3.963158e+01,1.394452,2.105860,4.294002
273.0,2.490000e+01,4.307524e+01,2.077065e+00,273.000000,3.942476e+01,1.396199,2.107583,4.294002
273.0,2.500000e+01,4.328382e+01,2.094720e+00,273.000000,3.921618e+01,1.397940,2.109345,4.294002
273.0,2.510000e+01,4.349418e+01,2.112653e+00,273.000000,3.900582e+01,1.399674,2.111145,4.294002
273.0,2.520000e+01,4.370634e+01,2.130865e+00,273.000000,3.879366e+01,1.401401,2.112984,4.294002
273.0,2.530000e+01,4.392034e+01,2.149361e+00,273.000000,3.857966e+01,1.403121,2.114864,4.294002
273.0,2.540000e+01,4.413621e+01,2.168145e+00,273.000000,3.836379e+01,1.404834,2.116785,4.294002
273.0,2.550000e+01,4.435396e+01,2.187219e+00,273.000000,3.814604e+01,1.406540,2.118749,4.294002
273.0,2.560000e+01,4.457364e+01,2.206588e+00,273.000000,3.792636e+01,1.408240,2.120756,4.294002
273.0,2.570000e+01,4.479527e+01,2.226255e+00,273.000000,3.770473e+01,1.409933,2.122807,4.294002
273.0,2.580000e+01,4.501888e+01,2.246224e+00,273.000000,3.748112e+01,1.411620,2.124904,4.294002
273.0,2.590000e+01,4.524450e+01,2.266498e+00,273.000000,3.725550e+01,1.413300,2.127048,4.294002
273.0,2.600000e+01,4.547217e+01,2.287084e+00,273.000000,3.702783e+01,1.414973,2.129240,4.294002
273.0,2.610000e+01,4.570191e+01,2.307983e+00,273.000000,3.679809e+01,1.416641,2.131482,4.294002
273.0,2.620000e+01,4.593376e+01,2.329201e+00,273.000000,3.656624e+01,1.418301,2.133775,4.294002
273.0,2.630000e+01,4.616774e+01,2.350742e+00,273.000000,3.633226e+01,1.419956,2.136121,4.294002
273.0,2.640000e+01,4.640389e+01,2.372611e+00,273.000000,3.609611e+01,1.421604,2.138520,4.294002
273.0,2.650000e+01,4.664225e+01,2.394813e+00,273.000000,3.585775e+01,1.423246,2.140976,4.294002
273.0,2.660000e+01,4.688285e+01,2.417352e+00,273.000000,3.561715e+01,1.424882,2.143489,4.294002
273.0,2.670000e+01,4.712571e+01,2.440235e+00,273.000000,3.537429e+01,1.426511,2.146062,4.294002
273.0,2.680000e+01,4.737088e+01,2.463465e+00,273.000000,3.512912e+01,1.428135,2.148697,4.294002
273.0,2.690000e+01,4.761839e+01,2.487050e+00,273.000000,3.488161e+01,1.429752,2.151394,4.294002
273.0,2.700000e+01,4.786828e+01,2.510995e+00,273.000000,3.463172e+01,1.431364,2.154157,4.294002
273.0,2.710000e+01,4.812058e+01,2.535305e+00,273.000000,3.437942e+01,1.432969,2.156988,4.294002
273.0,2.720000e+01,4.837533e+01,2.559988e+00,273.000000,3.412467e+01,1.434569,2.159888,4.294002
273.0,2.730000e+01,4.863256e+01,2.585050e+00,273.000000,3.386744e+01,1.436163,2.162860,4.294002
273.0,2.740000e+01,4.889233e+01,2.610497e+00,273.000000,3.360767e+01,1.437751,2.165907,4.294002
273.0,2.750000e+01,4.915465e+01,2.636336e+00,273.000000,3.334535e+01,1.439333,2.169031,4.294002
273.0,2.760000e+01,4.941958e+01,2.662576e+00,273.000000,3.308042e+01,1.440909,2.172235,4.294002
273.0,2.770000e+01,4.968715e+01,2.689224e+00,273.000000,3.281285e+01,1.442480,2.175521,4.294002
273.0,2.780000e+01,4.995741e+01,2.716287e+00,273.000000,3.254259e+01,1.444045,2.178892,4.294002
273.0,2.790000e+01,5.023040e+01,2.743773e+00,273.000000,3.226960e+01,1.445604,2.182352,4.294002
273.0,2.800000e+01,5.050615e+01,2.771692e+00,273.000000,3.199385e+01,1.447158,2.185903,4.294002
273.0,2.810000e+01,5.078472e+01,2.800052e+00,273.000000,3.171528e+01,1.448706,2.189548,4.294002
273.0,2.820000e+01,5.106615e+01,2.828863e+00,273.000000,3.143385e+01,1.450249,2.193292,4.294002
273.0,2.830000e+01,5.135048e+01,2.858133e+00,273.000000,3.114952e+01,1.451786,2.197136,4.294002
273.0,2.840000e+01,5.163776e+01,2.887873e+00,273.000000,3.086224e+01,1.453318,2.201086,4.294002
273.0,2.850000e+01,5.192804e+01,2.918094e+00,273.000000,3.057196e+01,1.454845,2.205144,4.294002
273.0,2.860000e+01,5.222137e+01,2.948804e+00,273.000000,3.027863e+01,1.456366,2.209315,4.294002
273.0,2.870000e+01,5.251779e+01,2.980017e+00,273.000000,2.998221e+01,1.457882,2.213603,4.294002
273.0,2.880000e+01,5.281736e+01,3.011743e+00,273.000000,2.968264e+01,1.459392,2.218013,4.294002
273.0,2.890000e+01,5.312012e+01,3.043994e+00,273.000000,2.937988e+01,1.460898,2.222547,4.294002
273.0,2.900000e+01,5.342614e+01,3.076782e+00,273.000000,2.907386e+01,1.462398,2.227213,4.294002
273.0,2.910000e+01,5.373546e+01,3.110121e+00,273.000000,2.876454e+01,1.463893,2.232014,4.294002
273.0,2.920000e+01,5.404815e+01,3.144023e+00,273.000000,2.845185e+01,1.465383,2.236955,4.294002
273.0,2.930000e+01,5.436425e+01,3.178503e+00,273.000000,2.813575e+01,1.466868,2.242042,4.294002
273.0,2.940000e+01,5.468384e+01,3.213574e+00,273.000000,2.781616e+01,1.468347,2.247281,4.294002
273.0,2.950000e+01,5.500695e+01,3.249252e+00,273.000000,2.749305e+01,1.469822,2.252678,4.294002
273.0,2.960000e+01,5.533367e+01,3.285553e+00,273.000000,2.716633e+01,1.471292,2.258239,4.294002
273.0,2.970000e+01,5.566405e+01,3.322493e+00,273.000000,2.683595e+01,1.472756,2.263971,4.294002
273.0,2.980000e+01,5.599815e+01,3.360087e+00,273.000000,2.650185e+01,1.474216,2.269880,4.294002
273.0,2.990000e+01,5.633605e+01,3.398355e+00,273.000000,2.616395e+01,1.475671,2.275975,4.294002
273.0,3.000000e+01,5.667781e+01,3.437314e+00,273.000000,2.582219e+01,1.477121,2.282262,4.294002
273.0,3.010000e+01,5.702350e+01,3.476983e+00,273.000000,2.547650e+01,1.478566,2.288750,4.294002
273.0,3.020000e+01,5.737319e+01,3.517383e+00,273.000000,2.512681e+01,1.480007,2.295448,4.294002
273.0,3.030000e+01,5.772696e+01,3.558534e+00,273.000000,2.477304e+01,1.481443,2.302365,4.294002
273.0,3.040000e+01,5.808488e+01,3.600457e+00,273.000000,2.441512e+01,1.482874,2.309510,4.294002
273.0,3.050000e+01,5.844704e+01,3.643176e+00,273.000000,2.405296e+01,1.484300,2.316894,4.294002
273.0,3.060000e+01,5.881350e+01,3.686714e+00,273.000000,2.368650e+01,1.485721,2.324528,4.294002
273.0,3.070000e+01,5.918436e+01,3.731097e+00,273.000000,2.331564e+01,1.487138,2.332424,4.294002
273.0,3.080000e+01,5.955970e+01,3.776350e+00,273.000000,2.294030e+01,1.488551,2.340594,4.294002
273.0,3.090000e+01,5.993962e+01,3.822500e+00,273.000000,2.256038e+01,1.489958,2.349050,4.294002
273.0,3.100000e+01,6.032419e+01,3.869578e+00,273.000000,2.217581e+01,1.491362,2.357808,4.294002
273.0,3.110000e+01,6.071352e+01,3.917612e+00,273.000000,2.178648e+01,1.492760,2.366883,4.294002
273.0,3.120000e+01,6.110770e+01,3.966635e+00,273.000000,2.139230e+01,1.494155,2.376290,4.294002
273.0,3.130000e+01,6.150683e+01,4.016681e+00,273.000000,2.099317e+01,1.495544,2.386047,4.294002
273.0,3.140000e+01,6.191102e+01,4.067784e+00,273.000000,2.058898e+01,1.496930,2.396172,4.294002
273.0,3.150000e+01,6.232037e+01,4.119984e+00,273.000000,2.017963e+01,1.498311,2.406686,4.294002
273.0,3.160000e+01,6.273500e+01,4.173319e+00,273.000000,1.976500e+01,1.499687,2.417610,4.294002
273.0,3.170000e+01,6.315502e+01,4.227832e+00,273.000000,1.934498e+01,1.501059,2.428968,4.294002
273.0,3.180000e+01,6.358055e+01,4.283568e+00,273.000000,1.891945e+01,1.502427,2.440785,4.294002
273.0,3.190000e+01,6.401172e+01,4.340573e+00,273.000000,1.848828e+01,1.503791,2.453087,4.294002
273.0,3.200000e+01,6.444865e+01,4.398901e+00,273.000000,1.805135e+01,1.505150,2.465906,4.294002
273.0,3.210000e+01,6.489149e+01,4.458603e+00,273.000000,1.760851e+01,1.506505,2.479274,4.294002
273.0,3.220000e+01,6.534036e+01,4.519739e+00,273.000000,1.715964e+01,1.507856,2.493226,4.294002
273.0,3.230000e+01,6.579542e+01,4.582371e+00,273.000000,1.670458e+01,1.509203,2.507800,4.294002
273.0,3.240000e+01,6.625682e+01,4.646565e+00,273.000000,1.624318e+01,1.510545,2.523040,4.294002
273.0,3.250000e+01,6.672472e+01,4.712394e+00,273.000000,1.577528e+01,1.511883,2.538993,4.294002
273.0,3.260000e+01,6.719929e+01,4.779934e+00,273.000000,1.530071e+01,1.513218,2.555711,4.294002
273.0,3.270000e+01,6.768070e+01,4.849271e+00,273.000000,1.481930e+01,1.514548,2.573251,4.294002
273.0,3.280000e+01,6.816914e+01,4.920496e+00,273.000000,1.433086e+01,1.515874,2.591679,4.294002
273.0,3.290000e+01,6.866479e+01,4.993707e+00,273.000000,1.383521e+01,1.517196,2.611065,4.294002
273.0,3.300000e+01,6.916788e+01,5.069013e+00,273.000000,1.333212e+01,1.518514,2.631490,4.294002
273.0,3.310000e+01,6.967859e+01,5.146534e+00,273.000000,1.282141e+01,1.519828,2.653047,4.294002
273.0,3.320000e+01,7.019718e+01,5.226398e+00,273.000000,1.230282e+01,1.521138,2.675837,4.294002
273.0,3.330000e+01,7.072388e+01,5.308752e+00,273.000000,1.177612e+01,1.522444,2.699979,4.294002
273.0,3.340000e+01,7.125894e+01,5.393755e+00,273.000000,1.124106e+01,1.523746,2.725608,4.294002
273.0,3.350000e+01,7.180264e+01,5.481585e+00,273.000000,1.069736e+01,1.525045,2.752880,4.294002
273.0,3.360000e+01,7.235527e+01,5.572443e+00,273.000000,1.014473e+01,1.526339,2.781977,4.294002
273.0,3.370000e+01,7.291714e+01,5.666555e+00,273.000000,9.582860e+00,1.527630,2.813114,4.294002
273.0,3.380000e+01,7.348860e+01,5.764176e+00,273.000000,9.011403e+00,1.528917,2.846542,4.294002
273.0,3.390000e+01,7.407000e+01,5.865599e+00,273.000000,8.429998e+00,1.530200,2.882565,4.294002
273.0,3.400000e+01,7.466175e+01,5.971163e+00,273.000000,7.838249e+00,1.531479,2.921553,4.294002
273.0,3.410000e+01,7.526428e+01,6.081262e+00,273.000000,7.235722e+00,1.532754,2.963956,4.294002
273.0,3.420000e+01,7.587806e+01,6.196359e+00,273.000000,6.621942e+00,1.534026,3.010342,4.294002
273.0,3.430000e+01,7.650362e+01,6.317008e+00,273.000000,5.996383e+00,1.535294,3.061434,4.294002
273.0,3.440000e+01,7.714154e+01,6.443883e+00,273.000000,5.358457e+00,1.536558,3.118178,4.294002
273.0,3.450000e+01,7.779250e+01,6.577815e+00,273.000000,4.707502e+00,1.537819,3.181845,4.294002
283.0,0.000000e+00,1.268101e-01,0.000000e+00,283.000000,8.237319e+01,-20.000000,6.163705,6.163705
283.0,1.000000e-01,8.769209e-01,1.009905e+01,283.000000,8.162308e+01,-1.000000,3.634025,6.163705
283.0,2.000000e-01,1.858611e+00,9.441826e+00,283.000000,8.064139e+01,-0.698970,3.091877,6.163705
283.0,3.000000e-01,2.766591e+00,8.734634e+00,283.000000,7.973341e+01,-0.522879,2.845604,6.163705
283.0,4.000000e-01,3.610788e+00,8.163817e+00,283.000000,7.888921e+01,-0.397940,2.695965,6.163705
283.0,5.000000e-01,4.403306e+00,7.696321e+00,283.000000,7.809669e+01,-0.301030,2.592534,6.163705
283.0,6.000000e-01,5.152953e+00,7.303250e+00,283.000000,7.734705e+01,-0.221849,2.515615,6.163705
283.0,7.000000e-01,5.866153e+00,6.965346e+00,283.000000,7.663385e+01,-0.154902,2.455646,6.163705
283.0,8.000000e-01,6.547744e+00,6.669722e+00,283.000000,7.595226e+01,-0.096910,2.407323,6.163705
283.0,9.000000e-01,7.201486e+00,6.407463e+00,283.000000,7.529851e+01,-0.045757,2.367426,6.163705
283.0,1.000000e+00,7.830383e+00,6.172182e+00,283.000000,7.466962e+01,-0.000000,2.333865,6.163705
283.0,1.100000e+00,8.436888e+00,5.959163e+00,283.000000,7.406311e+01,0.041393,2.305215,6.163705
283.0,1.200000e+00,9.023041e+00,5.764828e+00,283.000000,7.347696e+01,0.079181,2.280463,6.163705
283.0,1.300000e+00,9.590569e+00,5.586402e+00,283.000000,7.290943e+01,0.113943,2.258868,6.163705
283.0,1.400000e+00,1.014095e+01,5.421687e+00,283.000000,7.235905e+01,0.146128,2.239870,6.163705
283.0,1.500000e+00,1.067546e+01,5.268918e+00,283.000000,7.182454e+01,0.176091,2.223041,6.163705
283.0,1.600000e+00,1.119523e+01,5.126651e+00,283.000000,7.130477e+01,0.204120,2.208041,6.163705
283.0,1.700000e+00,1.170124e+01,4.993691e+00,283.000000,7.079876e+01,0.230449,2.194603,6.163705
283.0,1.800000e+00,1.219437e+01,4.869039e+00,283.000000,7.030563e+01,0.255273,2.182509,6.163705
283.0,1.900000e+00,1.267542e+01,4.751849e+00,283.000000,6.982458e+01,0.278754,2.171580,6.163705
283.0,2.000000e+00,1.314508e+01,4.641399e+00,283.000000,6.935492e+01,0.301030,2.161669,6.163705
283.0,2.100000e+00,1.360401e+01,4.537069e+00,283.000000,6.889599e+01,0.322219,2.152651,6.163705
283.0,2.200000e+00,1.405278e+01,4.438321e+00,283.000000,6.844722e+01,0.342423,2.144423,6.163705
283.0,2.300000e+00,1.449194e+01,4.344683e+00,283.000000,6.800806e+01,0.361728,2.136896,6.163705
283.0,2.400000e+00,1.492197e+01,4.255743e+00,283.000000,6.757803e+01,0.380211,2.129994,6.163705
283.0,2.500000e+00,1.534332e+01,4.171136e+00,283.000000,6.715668e+01,0.397940,2.123651,6.163705
283.0,2.600000e+00,1.575641e+01,4.090538e+00,283.000000,6.674359e+01,0.414973,2.117811,6.163705
283.0,2.700000e+00,1.616163e+01,4.013658e+00,283.000000,6.633837e+01,0.431364,2.112423,6.163705
283.0,2.800000e+00,1.655933e+01,3.940238e+00,283.000000,6.594067e+01,0.447158,2.107444,6.163705
283.0,2.900000e+00,1.694986e+01,3.870044e+00,283.000000,6.555014e+01,0.462398,2.102836,6.163705
283.0,3.000000e+00,1.733351e+01,3.802863e+00,283.000000,6.516649e+01,0.477121,2.098564,6.163705
283.0,3.100000e+00,1.771059e+01,3.738505e+00,283.000000,6.478941e+01,0.491362,2.094599,6.163705
283.0,3.200000e+00,1.808136e+01,3.676794e+00,283.000000,6.441864e+01,0.505150,2.090914,6.163705
283.0,3.300000e+00,1.844609e+01,3.617571e+00,283.000000,6.405391e+01,0.518514,2.087484,6.163705
283.0,3.400000e+00,1.880501e+01,3.560691e+00,283.000000,6.369499e+01,0.531479,2.084289,6.163705
283.0,3.500000e+00,1.915836e+01,3.506017e+00,283.000000,6.334164e+01,0.544068,2.081308,6.163705
283.0,3.600000e+00,1.950634e+01,3.453428e+00,283.000000,6.299366e+01,0.556303,2.078524,6.163705
283.0,3.700000e+00,1.984916e+01,3.402809e+00,283.000000,6.265084e+01,0.568202,2.075921,6.163705
283.0,3.800000e+00,2.018701e+01,3.354054e+00,283.000000,6.231299e+01,0.579784,2.073486,6.163705
283.0,3.900000e+00,2.052008e+01,3.307064e+00,283.000000,6.197992e+01,0.591065,2.071204,6.163705
283.0,4.000000e+00,2.084853e+01,3.261750e+00,283.000000,6.165147e+01,0.602060,2.069065,6.163705
283.0,4.100000e+00,2.117253e+01,3.218026e+00,283.000000,6.132747e+01,0.612784,2.067057,6.163705
283.0,4.200000e+00,2.149223e+01,3.175812e+00,283.000000,6.100777e+01,0.623249,2.065170,6.163705
283.0,4.300000e+00,2.180778e+01,3.135036e+00,283.000000,6.069222e+01,0.633468,2.063395,6.163705
283.0,4.400000e+00,2.211932e+01,3.095628e+00,283.000000,6.038068e+01,0.643453,2.061725,6.163705
283.0,4.500000e+00,2.242699e+01,3.057522e+00,283.000000,6.007301e+01,0.653213,2.060151,6.163705
283.0,4.600000e+00,2.273090e+01,3.020658e+00,283.000000,5.976910e+01,0.662758,2.058666,6.163705
283.0,4.700000e+00,2.303119e+01,2.984979e+00,283.000000,5.946881e+01,0.672098,2.057265,6.163705
283.0,4.800000e+00,2.332797e+01,2.950431e+00,283.000000,5.917203e+01,0.681241,2.055940,6.163705
283.0,4.900000e+00,2.362135e+01,2.916963e+00,283.000000,5.887865e+01,0.690196,2.054687,6.163705
283.0,5.000000e+00,2.391143e+01,2.884527e+00,283.000000,5.858857e+01,0.698970,2.053501,6.163705
283.0,5.100000e+00,2.419832e+01,2.853078e+00,283.000000,5.830168e+01,0.707570,2.052377,6.163705
283.0,5.200000e+00,2.448211e+01,2.822573e+00,283.000000,5.801789e+01,0.716003,2.051311,6.163705
283.0,5.300000e+00,2.476290e+01,2.792971e+00,283.000000,5.773710e+01,0.724276,2.050298,6.163705
283.0,5.400000e+00,2.504076e+01,2.764235e+00,283.000000,5.745924e+01,0.732394,2.049336,6.163705
283.0,5.500000e+00,2.531580e+01,2.736327e+00,283.000000,5.718420e+01,0.740363,2.048420,6.163705
283.0,5.600000e+00,2.558808e+01,2.709214e+00,283.000000,5.691192e+01,0.748188,2.047547,6.163705
283.0,5.700000e+00,2.585769e+01,2.682863e+00,283.000000,5.664231e+01,0.755875,2.046715,6.163705
283.0,5.800000e+00,2.612471e+01,2.657242e+00,283.000000,5.637529e+01,0.763428,2.045922,6.163705
283.0,5.900000e+00,2.638919e+01,2.632323e+00,283.000000,5.611081e+01,0.770852,2.045163,6.163705
283.0,6.000000e+00,2.665122e+01,2.608076e+00,283.000000,5.584878e+01,0.778151,2.044438,6.163705
283.0,6.100000e+00,2.691085e+01,2.584475e+00,283.000000,5.558915e+01,0.785330,2.043743,6.163705
283.0,6.200000e+00,2.716816e+01,2.561496e+00,283.000000,5.533184e+01,0.792392,2.043078,6.163705
283.0,6.300000e+00,2.742319e+01,2.539113e+00,283.000000,5.507681e+01,0.799341,2.042439,6.163705
283.0,6.400000e+00,2.767602e+01,2.517324e+00,283.000000,5.482398e+01,0.806180,2.042007,6.163705
283.0,6.500000e+00,2.792671e+01,2.496356e+00,283.000000,5.457329e+01,0.812913,2.042288,6.163705
283.0,6.600000e+00,2.817535e+01,2.476533e+00,283.000000,5.432465e+01,0.819544,2.043253,6.163705
283.0,6.700000e+00,2.842208e+01,2.458135e+00,283.000000,5.407792e+01,0.826075,2.044840,6.163705
283.0,6.800000e+00,2.866705e+01,2.441395e+00,283.000000,5.383295e+01,0.832509,2.046988,6.163705
283.0,6.900000e+00,2.891044e+01,2.426508e+00,283.000000,5.358956e+01,0.838849,2.049639,6.163705
283.0,7.000000e+00,2.915243e+01,2.413631e+00,283.000000,5.334757e+01,0.845098,2.052741,6.163705
283.0,7.100000e+00,2.939325e+01,2.402889e+00,283.000000,5.310675e+01,0.851258,2.056240,6.163705
283.0,7.200000e+00,2.963309e+01,2.394377e+00,283.000000,5.286691e+01,0.857332,2.060088,6.163705
283.0,7.300000e+00,2.987220e+01,2.388166e+00,283.000000,5.262780e+01,0.863323,2.064242,6.163705
283.0,7.400000e+00,3.011081e+01,2.384299e+00,283.000000,5.238919e+01,0.869232,2.068659,6.163705
283.0,7.500000e+00,3.034915e+01,2.382802e+00,283.000000,5.215085e+01,0.875061,2.073300,6.163705
283.0,7.600000e+00,3.058745e+01,2.383681e+00,283.000000,5.191255e+01,0.880814,2.078129,6.163705
283.0,7.700000e+00,3.082596e+01,2.386925e+00,283.000000,5.167404e+01,0.886491,2.083115,6.163705
283.0,7.800000e+00,3.106491e+01,2.392508e+00,283.000000,5.143509e+01,0.892095,2.088225,6.163705
283.0,7.900000e+00,3.130453e+01,2.400394e+00,283.000000,5.119547e+01,0.897627,2.093433,6.163705
283.0,8.000000e+00,3.154505e+01,2.410533e+00,283.000000,5.095495e+01,0.903090,2.098715,6.163705
283.0,8.100000e+00,3.178670e+01,2.422866e+00,283.000000,5.071330e+01,0.908485,2.104047,6.163705
283.0,8.200000e+00,3.202968e+01,2.437329e+00,283.000000,5.047032e+01,0.913814,2.109410,6.163705
283.0,8.300000e+00,3.227422e+01,2.453848e+00,283.000000,5.022578e+01,0.919078,2.114786,6.163705
283.0,8.400000e+00,3.252050e+01,2.472344e+00,283.000000,4.997950e+01,0.924279,2.120159,6.163705
283.0,8.500000e+00,3.276873e+01,2.492736e+00,283.000000,4.973127e+01,0.929419,2.125516,6.163705
283.0,8.600000e+00,3.301909e+01,2.514936e+00,283.000000,4.948091e+01,0.934498,2.130847,6.163705
283.0,8.700000e+00,3.327175e+01,2.538858e+00,283.000000,4.922825e+01,0.939519,2.136140,6.163705
283.0,8.800000e+00,3.352689e+01,2.564412e+00,283.000000,4.897311e+01,0.944483,2.141389,6.163705
283.0,8.900000e+00,3.378466e+01,2.591508e+00,283.000000,4.871534e+01,0.949390,2.146588,6.163705
283.0,9.000000e+00,3.404521e+01,2.620057e+00,283.000000,4.845479e+01,0.954243,2.151733,6.163705
283.0,9.100000e+00,3.430869e+01,2.649971e+00,283.000000,4.819131e+01,0.959041,2.156821,6.163705
283.0,9.200000e+00,3.457522e+01,2.681163e+00,283.000000,4.792478e+01,0.963788,2.161850,6.163705
283.0,9.300000e+00,3.484493e+01,2.713548e+00,283.000000,4.765507e+01,0.968483,2.166822,6.163705
283.0,9.400000e+00,3.511793e+01,2.747046e+00,283.000000,4.738207e+01,0.973128,2.171737,6.163705
283.0,9.500000e+00,3.539434e+01,2.781578e+00,283.000000,4.710566e+01,0.977724,2.176599,6.163705
283.0,9.600000e+00,3.567425e+01,2.817070e+00,283.000000,4.682575e+01,0.982271,2.181410,6.163705
283.0,9.700000e+00,3.595775e+01,2.853451e+00,283.000000,4.654225e+01,0.986772,2.186177,6.163705
283.0,9.800000e+00,3.624493e+01,2.890655e+00,283.000000,4.625507e+01,0.991226,2.190904,6.163705
283.0,9.900000e+00,3.653586e+01,2.928620e+00,283.000000,4.596414e+01,0.995635,2.195598,6.163705
283.0,1.000000e+01,3.683063e+01,2.967289e+00,283.000000,4.566937e+01,1.000000,2.200266,6.163705
283.0,1.010000e+01,3.712930e+01,3.006609e+00,283.000000,4.537070e+01,1.004321,2.204916,6.163705
283.0,1.020000e+01,3.743194e+01,3.046533e+00,283.000000,4.506806e+01,1.008600,2.209557,6.163705
283.0,1.030000e+01,3.773859e+01,3.087017e+00,283.000000,4.476141e+01,1.012837,2.214197,6.163705
283.0,1.040000e+01,3.804932e+01,3.128024e+00,283.000000,4.445068e+01,1.017033,2.218845,6.163705
283.0,1.050000e+01,3.836417e+01,3.169521e+00,283.000000,4.413583e+01,1.021189,2.223512,6.163705
283.0,1.060000e+01,3.868320e+01,3.211478e+00,283.000000,4.381680e+01,1.025306,2.228207,6.163705
283.0,1.070000e+01,3.900644e+01,3.253871e+00,283.000000,4.349356e+01,1.029384,2.232940,6.163705
283.0,1.080000e+01,3.933394e+01,3.296680e+00,283.000000,4.316606e+01,1.033424,2.237721,6.163705
283.0,1.090000e+01,3.966574e+01,3.339889e+00,283.000000,4.283426e+01,1.037426,2.242560,6.163705
283.0,1.100000e+01,4.000189e+01,3.383487e+00,283.000000,4.249811e+01,1.041393,2.247469,6.163705
283.0,1.110000e+01,4.034241e+01,3.427465e+00,283.000000,4.215759e+01,1.045323,2.252457,6.163705
283.0,1.120000e+01,4.068735e+01,3.471820e+00,283.000000,4.181265e+01,1.049218,2.257535,6.163705
283.0,1.130000e+01,4.103674e+01,3.516550e+00,283.000000,4.146326e+01,1.053078,2.262714,6.163705
283.0,1.140000e+01,4.139063e+01,3.561657e+00,283.000000,4.110937e+01,1.056905,2.268003,6.163705
283.0,1.150000e+01,4.174904e+01,3.607148e+00,283.000000,4.075096e+01,1.060698,2.273413,6.163705
283.0,1.160000e+01,4.211202e+01,3.653029e+00,283.000000,4.038798e+01,1.064458,2.278954,6.163705
283.0,1.170000e+01,4.247961e+01,3.699311e+00,283.000000,4.002039e+01,1.068186,2.284637,6.163705
283.0,1.180000e+01,4.285185e+01,3.746008e+00,283.000000,3.964815e+01,1.071882,2.290471,6.163705
283.0,1.190000e+01,4.322878e+01,3.793135e+00,283.000000,3.927122e+01,1.075547,2.296468,6.163705
283.0,1.200000e+01,4.361045e+01,3.840709e+00,283.000000,3.888955e+01,1.079181,2.302636,6.163705
283.0,1.210000e+01,4.399689e+01,3.888748e+00,283.000000,3.850311e+01,1.082785,2.308987,6.163705
283.0,1.220000e+01,4.438817e+01,3.937275e+00,283.000000,3.811183e+01,1.086360,2.315530,6.163705
283.0,1.230000e+01,4.478432e+01,3.986310e+00,283.000000,3.771568e+01,1.089905,2.322276,6.163705
283.0,1.240000e+01,4.518540e+01,4.035879e+00,283.000000,3.731460e+01,1.093422,2.329235,6.163705
283.0,1.250000e+01,4.559146e+01,4.086007e+00,283.000000,3.690854e+01,1.096910,2.336417,6.163705
283.0,1.260000e+01,4.600257e+01,4.136719e+00,283.000000,3.649743e+01,1.100371,2.343832,6.163705
283.0,1.270000e+01,4.641877e+01,4.188043e+00,283.000000,3.608123e+01,1.103804,2.351493,6.163705
283.0,1.280000e+01,4.684014e+01,4.240009e+00,283.000000,3.565986e+01,1.107210,2.359409,6.163705
283.0,1.290000e+01,4.726675e+01,4.292645e+00,283.000000,3.523325e+01,1.110590,2.367592,6.163705
283.0,1.300000e+01,4.769864e+01,4.345982e+00,283.000000,3.480136e+01,1.113943,2.376053,6.163705
283.0,1.310000e+01,4.813591e+01,4.400053e+00,283.000000,3.436409e+01,1.117271,2.384805,6.163705
283.0,1.320000e+01,4.857863e+01,4.454889e+00,283.000000,3.392137e+01,1.120574,2.393859,6.163705
283.0,1.330000e+01,4.902686e+01,4.510524e+00,283.000000,3.347314e+01,1.123852,2.403230,6.163705
283.0,1.340000e+01,4.948070e+01,4.566993e+00,283.000000,3.301930e+01,1.127105,2.412929,6.163705
283.0,1.350000e+01,4.994023e+01,4.624330e+00,283.000000,3.255977e+01,1.130334,2.422971,6.163705
283.0,1.360000e+01,5.040554e+01,4.682573e+00,283.000000,3.209446e+01,1.133539,2.433371,6.163705
283.0,1.370000e+01,5.087672e+01,4.741758e+00,283.000000,3.162328e+01,1.136721,2.444145,6.163705
283.0,1.380000e+01,5.135387e+01,4.801925e+00,283.000000,3.114613e+01,1.139879,2.455309,6.163705
283.0,1.390000e+01,5.183708e+01,4.863114e+00,283.000000,3.066292e+01,1.143015,2.466880,6.163705
283.0,1.400000e+01,5.232646e+01,4.925364e+00,283.000000,3.017354e+01,1.146128,2.478878,6.163705
283.0,1.410000e+01,5.282212e+01,4.988720e+00,283.000000,2.967788e+01,1.149219,2.491321,6.163705
283.0,1.420000e+01,5.332418e+01,5.053225e+00,283.000000,2.917582e+01,1.152288,2.504231,6.163705
283.0,1.430000e+01,5.383274e+01,5.118925e+00,283.000000,2.866726e+01,1.155336,2.517631,6.163705
283.0,1.440000e+01,5.434794e+01,5.185869e+00,283.000000,2.815206e+01,1.158362,2.531545,6.163705
283.0,1.450000e+01,5.486989e+01,5.254106e+00,283.000000,2.763011e+01,1.161368,2.545998,6.163705
283.0,1.460000e+01,5.539874e+01,5.323688e+00,283.000000,2.710126e+01,1.164353,2.561020,6.163705
283.0,1.470000e+01,5.593461e+01,5.394671e+00,283.000000,2.656539e+01,1.167317,2.576640,6.163705
283.0,1.480000e+01,5.647765e+01,5.467111e+00,283.000000,2.602235e+01,1.170262,2.592891,6.163705
283.0,1.490000e+01,5.702801e+01,5.541071e+00,283.000000,2.547199e+01,1.173186,2.609809,6.163705
283.0,1.500000e+01,5.758584e+01,5.616615e+00,283.000000,2.491416e+01,1.176091,2.627432,6.163705
283.0,1.510000e+01,5.815131e+01,5.693810e+00,283.000000,2.434869e+01,1.178977,2.645804,6.163705
283.0,1.520000e+01,5.872458e+01,5.772730e+00,283.000000,2.377542e+01,1.181844,2.664970,6.163705
283.0,1.530000e+01,5.930584e+01,5.853451e+00,283.000000,2.319416e+01,1.184691,2.684980,6.163705
283.0,1.540000e+01,5.989525e+01,5.936058e+00,283.000000,2.260475e+01,1.187521,2.705891,6.163705
283.0,1.550000e+01,6.049303e+01,6.020639e+00,283.000000,2.200697e+01,1.190332,2.727763,6.163705
283.0,1.560000e+01,6.109936e+01,6.107289e+00,283.000000,2.140064e+01,1.193125,2.750665,6.163705
283.0,1.570000e+01,6.171447e+01,6.196113e+00,283.000000,2.078553e+01,1.195900,2.774670,6.163705
283.0,1.580000e+01,6.233857e+01,6.287222e+00,283.000000,2.016143e+01,1.198657,2.799864,6.163705
283.0,1.590000e+01,6.297190e+01,6.380738e+00,283.000000,1.952810e+01,1.201397,2.826338,6.163705
283.0,1.600000e+01,6.361471e+01,6.476793e+00,283.000000,1.888529e+01,1.204120,2.854198,6.163705
283.0,1.610000e+01,6.426725e+01,6.575533e+00,283.000000,1.823275e+01,1.206826,2.883560,6.163705
283.0,1.620000e+01,6.492981e+01,6.677117e+00,283.000000,1.757019e+01,1.209515,2.914559,6.163705
283.0,1.630000e+01,6.560268e+01,6.781722e+00,283.000000,1.689732e+01,1.212188,2.947344,6.163705
283.0,1.640000e+01,6.628616e+01,6.889542e+00,283.000000,1.621384e+01,1.214844,2.982090,6.163705
283.0,1.650000e+01,6.698059e+01,7.000796e+00,283.000000,1.551941e+01,1.217484,3.018994,6.163705
283.0,1.660000e+01,6.768633e+01,7.115725e+00,283.000000,1.481367e+01,1.220108,3.058287,6.163705
283.0,1.670000e+01,6.840375e+01,7.234603e+00,283.000000,1.409625e+01,1.222716,3.100236,6.163705
283.0,1.680000e+01,6.913327e+01,7.357741e+00,283.000000,1.336673e+01,1.225309,3.145159,6.163705
283.0,1.690000e+01,6.987533e+01,7.485491e+00,283.000000,1.262467e+01,1.227887,3.193428,6.163705
283.0,1.700000e+01,7.063040e+01,7.618258e+00,283.000000,1.186960e+01,1.230449,3.245493,6.163705
283.0,1.710000e+01,7.139902e+01,7.756512e+00,283.000000,1.110098e+01,1.232996,3.301898,6.163705
283.0,1.720000e+01,7.218176e+01,7.900802e+00,283.000000,1.031824e+01,1.235528,3.363314,6.163705
283.0,1.730000e+01,7.297926e+01,8.051776e+00,283.000000,9.520740e+00,1.238046,3.430576,6.163705
283.0,1.740000e+01,7.379221e+01,8.210213e+00,283.000000,8.707786e+00,1.240549,3.504749,6.163705
283.0,1.750000e+01,7.462142e+01,8.377057e+00,283.000000,7.878580e+00,1.243038,3.587217,6.163705
283.0,1.760000e+01,7.546777e+01,8.553477e+00,283.000000,7.032227e+00,1.245513,3.679827,6.163705
283.0,1.770000e+01,7.633230e+01,8.740955e+00,283.000000,6.167699e+00,1.247973,3.785130,6.163705
283.0,1.780000e+01,7.721620e+01,8.941420e+00,283.000000,5.283798e+00,1.250420,3.906795,6.163705
283.0,1.790000e+01,7.812090e+01,9.157476e+00,283.000000,4.379104e+00,1.252853,4.050401,6.163705
293.0,0.000000e+00,7.652912e-02,0.000000e+00,293.000000,8.242347e+01,-20.000000,8.611863,8.611863
293.0,1.000000e-01,1.267303e+00,1.318222e+01,293.000000,8.123270e+01,-1.000000,4.021236,8.611863
293.0,2.000000e-01,2.514341e+00,1.183512e+01,293.000000,7.998566e+01,-0.698970,3.430712,8.611863
293.0,3.000000e-01,3.649777e+00,1.091636e+01,293.000000,7.885022e+01,-0.522879,3.149670,8.611863
293.0,4.000000e-01,4.706214e+00,1.023510e+01,293.000000,7.779379e+01,-0.397940,2.973822,8.611863
293.0,5.000000e-01,5.702095e+00,9.695887e+00,293.000000,7.679790e+01,-0.301030,2.849555,8.611863
293.0,6.000000e-01,6.648987e+00,9.250394e+00,293.000000,7.585101e+01,-0.221849,2.755398,8.611863
293.0,7.000000e-01,7.554787e+00,8.871231e+00,293.000000,7.494521e+01,-0.154902,2.680745,8.611863
293.0,8.000000e-01,8.425227e+00,8.541446e+00,293.000000,7.407477e+01,-0.096910,2.619639,8.611863
293.0,9.000000e-01,9.264656e+00,8.249842e+00,293.000000,7.323534e+01,-0.045757,2.568423,8.611863
293.0,1.000000e+00,1.007648e+01,7.988647e+00,293.000000,7.242352e+01,-0.000000,2.524706,8.611863
293.0,1.100000e+00,1.086346e+01,7.752243e+00,293.000000,7.163654e+01,0.041393,2.486845,8.611863
293.0,1.200000e+00,1.162784e+01,7.536444e+00,293.000000,7.087216e+01,0.079181,2.453666,8.611863
293.0,1.300000e+00,1.237153e+01,7.338044e+00,293.000000,7.012847e+01,0.113943,2.424304,8.611863
293.0,1.400000e+00,1.309614e+01,7.154535e+00,293.000000,6.940386e+01,0.146128,2.398106,8.611863
293.0,1.500000e+00,1.380305e+01,6.983919e+00,293.000000,6.869695e+01,0.176091,2.374565,8.611863
293.0,1.600000e+00,1.449346e+01,6.824576e+00,293.000000,6.800654e+01,0.204120,2.353284,8.611863
293.0,1.700000e+00,1.516845e+01,6.675176e+00,293.000000,6.733155e+01,0.230449,2.333943,8.611863
293.0,1.800000e+00,1.582894e+01,6.534613e+00,293.000000,6.667106e+01,0.255273,2.316285,8.611863
293.0,1.900000e+00,1.647577e+01,6.401957e+00,293.000000,6.602423e+01,0.278754,2.300096,8.611863
293.0,2.000000e+00,1.710970e+01,6.276421e+00,293.000000,6.539030e+01,0.301030,2.285199,8.611863
293.0,2.100000e+00,1.773139e+01,6.157329e+00,293.000000,6.476861e+01,0.322219,2.271447,8.611863
293.0,2.200000e+00,1.834147e+01,6.044098e+00,293.000000,6.415853e+01,0.342423,2.258714,8.611863
293.0,2.300000e+00,1.894050e+01,5.936223e+00,293.000000,6.355950e+01,0.361728,2.246894,8.611863
293.0,2.400000e+00,1.952899e+01,5.833261e+00,293.000000,6.297101e+01,0.380211,2.235893,8.611863
293.0,2.500000e+00,2.010740e+01,5.734824e+00,293.000000,6.239260e+01,0.397940,2.225633,8.611863
293.0,2.600000e+00,2.067619e+01,5.640568e+00,293.000000,6.182381e+01,0.414973,2.216044,8.611863
293.0,2.700000e+00,2.123574e+01,5.550186e+00,293.000000,6.126426e+01,0.431364,2.207066,8.611863
293.0,2.800000e+00,2.178643e+01,5.463406e+00,293.000000,6.071357e+01,0.447158,2.198645,8.611863
293.0,2.900000e+00,2.232862e+01,5.379983e+00,293.000000,6.017138e+01,0.462398,2.190734,8.611863
293.0,3.000000e+00,2.286262e+01,5.299698e+00,293.000000,5.963738e+01,0.477121,2.183292,8.611863
293.0,3.100000e+00,2.338873e+01,5.222351e+00,293.000000,5.911127e+01,0.491362,2.176281,8.611863
293.0,3.200000e+00,2.390725e+01,5.147761e+00,293.000000,5.859275e+01,0.505150,2.169668,8.611863
293.0,3.300000e+00,2.441845e+01,5.075766e+00,293.000000,5.808155e+01,0.518514,2.163423,8.611863
293.0,3.400000e+00,2.492256e+01,5.006215e+00,293.000000,5.757744e+01,0.531479,2.157519,8.611863
293.0,3.500000e+00,2.541983e+01,4.938971e+00,293.000000,5.708017e+01,0.544068,2.151932,8.611863
293.0,3.600000e+00,2.591049e+01,4.873909e+00,293.000000,5.658951e+01,0.556303,2.146639,8.611863
293.0,3.700000e+00,2.639475e+01,4.810914e+00,293.000000,5.610525e+01,0.568202,2.141620,8.611863
293.0,3.800000e+00,2.687280e+01,4.749878e+00,293.000000,5.562720e+01,0.579784,2.136858,8.611863
293.0,3.900000e+00,2.734485e+01,4.690704e+00,293.000000,5.515515e+01,0.591065,2.132335,8.611863
293.0,4.000000e+00,2.781106e+01,4.633367e+00,293.000000,5.468894e+01,0.602060,2.128604,8.611863
293.0,4.100000e+00,2.827166e+01,4.578574e+00,293.000000,5.422834e+01,0.612784,2.127356,8.611863
293.0,4.200000e+00,2.872695e+01,4.527326e+00,293.000000,5.377305e+01,0.623249,2.128408,8.611863
293.0,4.300000e+00,2.917732e+01,4.480384e+00,293.000000,5.332268e+01,0.633468,2.131460,8.611863
293.0,4.400000e+00,2.962323e+01,4.438315e+00,293.000000,5.287677e+01,0.643453,2.136247,8.611863
293.0,4.500000e+00,3.006520e+01,4.401520e+00,293.000000,5.243480e+01,0.653213,2.142532,8.611863
293.0,4.600000e+00,3.050376e+01,4.370271e+00,293.000000,5.199624e+01,0.662758,2.150109,8.611863
293.0,4.700000e+00,3.093947e+01,4.344730e+00,293.000000,5.156053e+01,0.672098,2.158795,8.611863
293.0,4.800000e+00,3.137292e+01,4.324974e+00,293.000000,5.112708e+01,0.681241,2.168429,8.611863
293.0,4.900000e+00,3.180467e+01,4.311011e+00,293.000000,5.069533e+01,0.690196,2.178872,8.611863
293.0,5.000000e+00,3.223532e+01,4.302791e+00,293.000000,5.026468e+01,0.698970,2.190000,8.611863
293.0,5.100000e+00,3.266543e+01,4.300221e+00,293.000000,4.983457e+01,0.707570,2.201708,8.611863
293.0,5.200000e+00,3.309555e+01,4.303172e+00,293.000000,4.940445e+01,0.716003,2.213903,8.611863
293.0,5.300000e+00,3.352623e+01,4.311486e+00,293.000000,4.897377e+01,0.724276,2.226504,8.611863
293.0,5.400000e+00,3.395801e+01,4.324985e+00,293.000000,4.854199e+01,0.732394,2.239444,8.611863
293.0,5.500000e+00,3.439138e+01,4.343475e+00,293.000000,4.810862e+01,0.740363,2.252663,8.611863
293.0,5.600000e+00,3.482684e+01,4.366752e+00,293.000000,4.767316e+01,0.748188,2.266113,8.611863
293.0,5.700000e+00,3.526486e+01,4.394602e+00,293.000000,4.723514e+01,0.755875,2.279751,8.611863
293.0,5.800000e+00,3.570588e+01,4.426808e+00,293.000000,4.679412e+01,0.763428,2.293545,8.611863
293.0,5.900000e+00,3.615032e+01,4.463153e+00,293.000000,4.634968e+01,0.770852,2.307467,8.611863
293.0,6.000000e+00,3.659860e+01,4.503420e+00,293.000000,4.590140e+01,0.778151,2.321496,8.611863
293.0,6.100000e+00,3.705109e+01,4.547396e+00,293.000000,4.544891e+01,0.785330,2.335617,8.611863
293.0,6.200000e+00,3.750815e+01,4.594871e+00,293.000000,4.499185e+01,0.792392,2.349820,8.611863
293.0,6.300000e+00,3.797013e+01,4.645645e+00,293.000000,4.452987e+01,0.799341,2.364100,8.611863
293.0,6.400000e+00,3.843733e+01,4.699522e+00,293.000000,4.406267e+01,0.806180,2.378455,8.611863
293.0,6.500000e+00,3.891007e+01,4.756316e+00,293.000000,4.358993e+01,0.812913,2.392888,8.611863
293.0,6.600000e+00,3.938863e+01,4.815853e+00,293.000000,4.311137e+01,0.819544,2.407406,8.611863
293.0,6.700000e+00,3.987327e+01,4.877967e+00,293.000000,4.262673e+01,0.826075,2.422019,8.611863
293.0,6.800000e+00,4.036424e+01,4.942502e+00,293.000000,4.213576e+01,0.832509,2.436738,8.611863
293.0,6.900000e+00,4.086178e+01,5.009315e+00,293.000000,4.163822e+01,0.838849,2.451580,8.611863
293.0,7.000000e+00,4.136611e+01,5.078275e+00,293.000000,4.113389e+01,0.845098,2.466563,8.611863
293.0,7.100000e+00,4.187743e+01,5.149260e+00,293.000000,4.062257e+01,0.851258,2.481708,8.611863
293.0,7.200000e+00,4.239595e+01,5.222164e+00,293.000000,4.010405e+01,0.857332,2.497036,8.611863
293.0,7.300000e+00,4.292185e+01,5.296889e+00,293.000000,3.957815e+01,0.863323,2.512574,8.611863
293.0,7.400000e+00,4.345531e+01,5.373349e+00,293.000000,3.904469e+01,0.869232,2.528347,8.611863
293.0,7.500000e+00,4.399650e+01,5.451472e+00,293.000000,3.850350e+01,0.875061,2.544386,8.611863
293.0,7.600000e+00,4.454558e+01,5.531195e+00,293.000000,3.795442e+01,0.880814,2.560718,8.611863
293.0,7.700000e+00,4.510271e+01,5.612468e+00,293.000000,3.739729e+01,0.886491,2.577379,8.611863
293.0,7.800000e+00,4.566804e+01,5.695249e+00,293.000000,3.683196e+01,0.892095,2.594399,8.611863
293.0,7.900000e+00,4.624172e+01,5.779509e+00,293.000000,3.625828e+01,0.897627,2.611817,8.611863
293.0,8.000000e+00,4.682391e+01,5.865228e+00,293.000000,3.567609e+01,0.903090,2.629668,8.611863
293.0,8.100000e+00,4.741473e+01,5.952397e+00,293.000000,3.508527e+01,0.908485,2.647993,8.611863
293.0,8.200000e+00,4.801435e+01,6.041015e+00,293.000000,3.448565e+01,0.913814,2.666832,8.611863
293.0,8.300000e+00,4.862289e+01,6.131092e+00,293.000000,3.387711e+01,0.919078,2.686229,8.611863
293.0,8.400000e+00,4.924052e+01,6.222646e+00,293.000000,3.325948e+01,0.924279,2.706229,8.611863
293.0,8.500000e+00,4.986738e+01,6.315705e+00,293.000000,3.263262e+01,0.929419,2.726880,8.611863
293.0,8.600000e+00,5.050362e+01,6.410305e+00,293.000000,3.199638e+01,0.934498,2.748234,8.611863
293.0,8.700000e+00,5.114940e+01,6.506492e+00,293.000000,3.135060e+01,0.939519,2.770344,8.611863
293.0,8.800000e+00,5.180488e+01,6.604318e+00,293.000000,3.069512e+01,0.944483,2.793268,8.611863
293.0,8.900000e+00,5.247022e+01,6.703848e+00,293.000000,3.002978e+01,0.949390,2.817068,8.611863
293.0,9.000000e+00,5.314560e+01,6.805152e+00,293.000000,2.935440e+01,0.954243,2.841810,8.611863
293.0,9.100000e+00,5.383121e+01,6.908311e+00,293.000000,2.866879e+01,0.959041,2.867564,8.611863
293.0,9.200000e+00,5.452723e+01,7.013416e+00,293.000000,2.797277e+01,0.963788,2.894408,8.611863
293.0,9.300000e+00,5.523386e+01,7.120567e+00,293.000000,2.726614e+01,0.968483,2.922426,8.611863
293.0,9.400000e+00,5.595130e+01,7.229874e+00,293.000000,2.654870e+01,0.973128,2.951708,8.611863
293.0,9.500000e+00,5.667980e+01,7.341460e+00,293.000000,2.582020e+01,0.977724,2.982356,8.611863
293.0,9.600000e+00,5.741956e+01,7.455458e+00,293.000000,2.508044e+01,0.982271,3.014479,8.611863
293.0,9.700000e+00,5.817086e+01,7.572017e+00,293.000000,2.432914e+01,0.986772,3.048200,8.611863
293.0,9.800000e+00,5.893394e+01,7.691297e+00,293.000000,2.356606e+01,0.991226,3.083655,8.611863
293.0,9.900000e+00,5.970909e+01,7.813479e+00,293.000000,2.279091e+01,0.995635,3.120996,8.611863
293.0,1.000000e+01,6.049662e+01,7.938758e+00,293.000000,2.200338e+01,1.000000,3.160395,8.611863
293.0,1.010000e+01,6.129683e+01,8.067351e+00,293.000000,2.120317e+01,1.004321,3.202045,8.611863
293.0,1.020000e+01,6.211007e+01,8.199500e+00,293.000000,2.038993e+01,1.008600,3.246167,8.611863
293.0,1.030000e+01,6.293672e+01,8.335474e+00,293.000000,1.956328e+01,1.012837,3.293013,8.611863
293.0,1.040000e+01,6.377717e+01,8.475572e+00,293.000000,1.872283e+01,1.017033,3.342876,8.611863
293.0,1.050000e+01,6.463184e+01,8.620132e+00,293.000000,1.786816e+01,1.021189,3.396094,8.611863
293.0,1.060000e+01,6.550121e+01,8.769535e+00,293.000000,1.699879e+01,1.025306,3.453064,8.611863
293.0,1.070000e+01,6.638577e+01,8.924215e+00,293.000000,1.611423e+01,1.029384,3.514256,8.611863
293.0,1.080000e+01,6.728609e+01,9.084667e+00,293.000000,1.521391e+01,1.033424,3.580231,8.611863
293.0,1.090000e+01,6.820275e+01,9.251467e+00,293.000000,1.429725e+01,1.037426,3.651667,8.611863
293.0,1.100000e+01,6.913644e+01,9.425282e+00,293.000000,1.336356e+01,1.041393,3.729392,8.611863
293.0,1.110000e+01,7.008789e+01,9.606902e+00,293.000000,1.241211e+01,1.045323,3.814436,8.611863
293.0,1.120000e+01,7.105793e+01,9.797265e+00,293.000000,1.144207e+01,1.049218,3.908099,8.611863
293.0,1.130000e+01,7.204748e+01,9.997509e+00,293.000000,1.045252e+01,1.053078,4.012052,8.611863
293.0,1.140000e+01,7.305760e+01,1.020903e+01,293.000000,9.442399e+00,1.056905,4.128502,8.611863
293.0,1.150000e+01,7.408950e+01,1.043359e+01,293.000000,8.410498e+00,1.060698,4.260443,8.611863
293.0,1.160000e+01,7.514460e+01,1.067344e+01,293.000000,7.355405e+00,1.064458,4.412082,8.611863
293.0,1.170000e+01,7.622455e+01,1.093158e+01,293.000000,6.275450e+00,1.068186,4.589618,8.611863
293.0,1.180000e+01,7.733139e+01,1.121217e+01,293.000000,5.168611e+00,1.071882,4.802749,8.611863
303.0,0.000000e+00,4.966081e-02,0.000000e+00,303.000000,8.245034e+01,-20.000000,11.746115,11.746115
303.0,1.000000e-01,1.603416e+00,1.562299e+01,303.000000,8.089658e+01,-1.000000,4.505398,11.746115
303.0,2.000000e-01,3.073130e+00,1.391958e+01,303.000000,7.942687e+01,-0.698970,3.835476,11.746115
303.0,3.000000e-01,4.409479e+00,1.286375e+01,303.000000,7.809052e+01,-0.522879,3.508582,11.746115
303.0,4.000000e-01,5.656417e+00,1.210270e+01,303.000000,7.684358e+01,-0.397940,3.301172,11.746115
303.0,5.000000e-01,6.836199e+00,1.150868e+01,303.000000,7.566380e+01,-0.301030,3.153083,11.746115
303.0,6.000000e-01,7.962244e+00,1.102200e+01,303.000000,7.453776e+01,-0.221849,3.039898,11.746115
303.0,7.000000e-01,9.043527e+00,1.061007e+01,303.000000,7.345647e+01,-0.154902,2.949458,11.746115
303.0,8.000000e-01,1.008647e+01,1.025315e+01,303.000000,7.241353e+01,-0.096910,2.874886,11.746115
303.0,9.000000e-01,1.109589e+01,9.938411e+00,303.000000,7.140411e+01,-0.045757,2.811945,11.746115
303.0,1.000000e+00,1.207556e+01,9.657033e+00,303.000000,7.042444e+01,-0.000000,2.757854,11.746115
303.0,1.100000e+00,1.302847e+01,9.402701e+00,303.000000,6.947153e+01,0.041393,2.710692,11.746115
303.0,1.200000e+00,1.395709e+01,9.170740e+00,303.000000,6.854291e+01,0.079181,2.669089,11.746115
303.0,1.300000e+00,1.486347e+01,8.957587e+00,303.000000,6.763653e+01,0.113943,2.632028,11.746115
303.0,1.400000e+00,1.574934e+01,8.760472e+00,303.000000,6.675066e+01,0.146128,2.598741,11.746115
303.0,1.500000e+00,1.661621e+01,8.577193e+00,303.000000,6.588379e+01,0.176091,2.568632,11.746115
303.0,1.600000e+00,1.746536e+01,8.405974e+00,303.000000,6.503464e+01,0.204120,2.541233,11.746115
303.0,1.700000e+00,1.829792e+01,8.245361e+00,303.000000,6.420208e+01,0.230449,2.516165,11.746115
303.0,1.800000e+00,1.911490e+01,8.094149e+00,303.000000,6.338510e+01,0.255273,2.493123,11.746115
303.0,1.900000e+00,1.991718e+01,7.951327e+00,303.000000,6.258282e+01,0.278754,2.471856,11.746115
303.0,2.000000e+00,2.070556e+01,7.816041e+00,303.000000,6.179444e+01,0.301030,2.452153,11.746115
303.0,2.100000e+00,2.148075e+01,7.687559e+00,303.000000,6.101925e+01,0.322219,2.433838,11.746115
303.0,2.200000e+00,2.224340e+01,7.565255e+00,303.000000,6.025660e+01,0.342423,2.416763,11.746115
303.0,2.300000e+00,2.299411e+01,7.448582e+00,303.000000,5.950589e+01,0.361728,2.400800,11.746115
303.0,2.400000e+00,2.373340e+01,7.337065e+00,303.000000,5.876660e+01,0.380211,2.385840,11.746115
303.0,2.500000e+00,2.446179e+01,7.230288e+00,303.000000,5.803821e+01,0.397940,2.371787,11.746115
303.0,2.600000e+00,2.517971e+01,7.127881e+00,303.000000,5.732029e+01,0.414973,2.358559,11.746115
303.0,2.700000e+00,2.588760e+01,7.029519e+00,303.000000,5.661240e+01,0.431364,2.346083,11.746115
303.0,2.800000e+00,2.658584e+01,6.934910e+00,303.000000,5.591416e+01,0.447158,2.334297,11.746115
303.0,2.900000e+00,2.727479e+01,6.843793e+00,303.000000,5.522521e+01,0.462398,2.323142,11.746115
303.0,3.000000e+00,2.795480e+01,6.756085e+00,303.000000,5.454520e+01,0.477121,2.313849,11.746115
303.0,3.100000e+00,2.862626e+01,6.673312e+00,303.000000,5.387374e+01,0.491362,2.310088,11.746115
303.0,3.200000e+00,2.928977e+01,6.597495e+00,303.000000,5.321023e+01,0.505150,2.311263,11.746115
303.0,3.300000e+00,2.994610e+01,6.530011e+00,303.000000,5.255390e+01,0.518514,2.316579,11.746115
303.0,3.400000e+00,3.059614e+01,6.471736e+00,303.000000,5.190386e+01,0.531479,2.325370,11.746115
303.0,3.500000e+00,3.124083e+01,6.423180e+00,303.000000,5.125917e+01,0.544068,2.337080,11.746115
303.0,3.600000e+00,3.188115e+01,6.384575e+00,303.000000,5.061885e+01,0.556303,2.351240,11.746115
303.0,3.700000e+00,3.251811e+01,6.355952e+00,303.000000,4.998189e+01,0.568202,2.367463,11.746115
303.0,3.800000e+00,3.315270e+01,6.337194e+00,303.000000,4.934730e+01,0.579784,2.385421,11.746115
303.0,3.900000e+00,3.378589e+01,6.328077e+00,303.000000,4.871411e+01,0.591065,2.404847,11.746115
303.0,4.000000e+00,3.441863e+01,6.328301e+00,303.000000,4.808137e+01,0.602060,2.425515,11.746115
303.0,4.100000e+00,3.505184e+01,6.337517e+00,303.000000,4.744816e+01,0.612784,2.447241,11.746115
303.0,4.200000e+00,3.568640e+01,6.355338e+00,303.000000,4.681360e+01,0.623249,2.469874,11.746115
303.0,4.300000e+00,3.632316e+01,6.381362e+00,303.000000,4.617684e+01,0.633468,2.493291,11.746115
303.0,4.400000e+00,3.696291e+01,6.415175e+00,303.000000,4.553709e+01,0.643453,2.517394,11.746115
303.0,4.500000e+00,3.760640e+01,6.456363e+00,303.000000,4.489360e+01,0.653213,2.542106,11.746115
303.0,4.600000e+00,3.825437e+01,6.504519e+00,303.000000,4.424563e+01,0.662758,2.567369,11.746115
303.0,4.700000e+00,3.890747e+01,6.559248e+00,303.000000,4.359253e+01,0.672098,2.593141,11.746115
303.0,4.800000e+00,3.956636e+01,6.620167e+00,303.000000,4.293364e+01,0.681241,2.619396,11.746115
303.0,4.900000e+00,4.023164e+01,6.686914e+00,303.000000,4.226836e+01,0.690196,2.646118,11.746115
303.0,5.000000e+00,4.090386e+01,6.759145e+00,303.000000,4.159614e+01,0.698970,2.673305,11.746115
303.0,5.100000e+00,4.158356e+01,6.836538e+00,303.000000,4.091644e+01,0.707570,2.700966,11.746115
303.0,5.200000e+00,4.227125e+01,6.918797e+00,303.000000,4.022875e+01,0.716003,2.729117,11.746115
303.0,5.300000e+00,4.296739e+01,7.005646e+00,303.000000,3.953261e+01,0.724276,2.757785,11.746115
303.0,5.400000e+00,4.367244e+01,7.096837e+00,303.000000,3.882756e+01,0.732394,2.787004,11.746115
303.0,5.500000e+00,4.438680e+01,7.192145e+00,303.000000,3.811320e+01,0.740363,2.816818,11.746115
303.0,5.600000e+00,4.511090e+01,7.291371e+00,303.000000,3.738910e+01,0.748188,2.847276,11.746115
303.0,5.700000e+00,4.584510e+01,7.394342e+00,303.000000,3.665490e+01,0.755875,2.878437,11.746115
303.0,5.800000e+00,4.658978e+01,7.500908e+00,303.000000,3.591022e+01,0.763428,2.910365,11.746115
303.0,5.900000e+00,4.734529e+01,7.610945e+00,303.000000,3.515471e+01,0.770852,2.943133,11.746115
303.0,6.000000e+00,4.811197e+01,7.724356e+00,303.000000,3.438803e+01,0.778151,2.976821,11.746115
303.0,6.100000e+00,4.889016e+01,7.841066e+00,303.000000,3.360984e+01,0.785330,3.011518,11.746115
303.0,6.200000e+00,4.968017e+01,7.961025e+00,303.000000,3.281983e+01,0.792392,3.047320,11.746115
303.0,6.300000e+00,5.048235e+01,8.084208e+00,303.000000,3.201765e+01,0.799341,3.084335,11.746115
303.0,6.400000e+00,5.129700e+01,8.210616e+00,303.000000,3.120300e+01,0.806180,3.122679,11.746115
303.0,6.500000e+00,5.212445e+01,8.340271e+00,303.000000,3.037555e+01,0.812913,3.162480,11.746115
303.0,6.600000e+00,5.296503e+01,8.473224e+00,303.000000,2.953497e+01,0.819544,3.203880,11.746115
303.0,6.700000e+00,5.381907e+01,8.609550e+00,303.000000,2.868093e+01,0.826075,3.247034,11.746115
303.0,6.800000e+00,5.468692e+01,8.749351e+00,303.000000,2.781308e+01,0.832509,3.292115,11.746115
303.0,6.900000e+00,5.556892e+01,8.892758e+00,303.000000,2.693108e+01,0.838849,3.339316,11.746115
303.0,7.000000e+00,5.646545e+01,9.039930e+00,303.000000,2.603455e+01,0.845098,3.388852,11.746115
303.0,7.100000e+00,5.737689e+01,9.191058e+00,303.000000,2.512311e+01,0.851258,3.440966,11.746115
303.0,7.200000e+00,5.830365e+01,9.346371e+00,303.000000,2.419635e+01,0.857332,3.495932,11.746115
303.0,7.300000e+00,5.924616e+01,9.506131e+00,303.000000,2.325384e+01,0.863323,3.554062,11.746115
303.0,7.400000e+00,6.020487e+01,9.670647e+00,303.000000,2.229513e+01,0.869232,3.615716,11.746115
303.0,7.500000e+00,6.118029e+01,9.840275e+00,303.000000,2.131971e+01,0.875061,3.681309,11.746115
303.0,7.600000e+00,6.217294e+01,1.001543e+01,303.000000,2.032706e+01,0.880814,3.751326,11.746115
303.0,7.700000e+00,6.318340e+01,1.019658e+01,303.000000,1.931660e+01,0.886491,3.826335,11.746115
303.0,7.800000e+00,6.421229e+01,1.038429e+01,303.000000,1.828771e+01,0.892095,3.907016,11.746115
303.0,7.900000e+00,6.526030e+01,1.057921e+01,303.000000,1.723970e+01,0.897627,3.994183,11.746115
303.0,8.000000e+00,6.632820e+01,1.078210e+01,303.000000,1.617180e+01,0.903090,4.088828,11.746115
303.0,8.100000e+00,6.741681e+01,1.099385e+01,303.000000,1.508319e+01,0.908485,4.192177,11.746115
303.0,8.200000e+00,6.852708e+01,1.121555e+01,303.000000,1.397292e+01,0.913814,4.305767,11.746115
303.0,8.300000e+00,6.966007e+01,1.144851e+01,303.000000,1.283993e+01,0.919078,4.431566,11.746115
303.0,8.400000e+00,7.081697e+01,1.169433e+01,303.000000,1.168303e+01,0.924279,4.572143,11.746115
303.0,8.500000e+00,7.199918e+01,1.195502e+01,303.000000,1.050082e+01,0.929419,4.730950,11.746115
303.0,8.600000e+00,7.320829e+01,1.223316e+01,303.000000,9.291711e+00,0.934498,4.912772,11.746115
303.0,8.700000e+00,7.444621e+01,1.253213e+01,303.000000,8.053787e+00,0.939519,5.124525,11.746115
303.0,8.800000e+00,7.571525e+01,1.285657e+01,303.000000,6.784750e+00,0.944483,5.376739,11.746115
303.0,8.900000e+00,7.701825e+01,1.321310e+01,303.000000,5.481748e+00,0.949390,5.686669,11.746115
303.0,9.000000e+00,7.835889e+01,1.361192e+01,303.000000,4.141105e+00,0.954243,6.085702,11.746115
313.0,0.000000e+00,3.377394e-02,0.000000e+00,313.000000,8.246623e+01,-20.000000,15.679186,15.679186
313.0,1.000000e-01,1.899129e+00,1.780386e+01,313.000000,8.060087e+01,-1.000000,5.051187,15.679186
313.0,2.000000e-01,3.571788e+00,1.584177e+01,313.000000,7.892821e+01,-0.698970,4.284458,15.679186
313.0,3.000000e-01,5.094188e+00,1.467248e+01,313.000000,7.740581e+01,-0.522879,3.905466,15.679186
313.0,4.000000e-01,6.518323e+00,1.384185e+01,313.000000,7.598168e+01,-0.397940,3.663319,15.679186
313.0,5.000000e-01,7.869470e+00,1.319881e+01,313.000000,7.463053e+01,-0.301030,3.489534,15.679186
313.0,6.000000e-01,9.162606e+00,1.267482e+01,313.000000,7.333739e+01,-0.221849,3.356134,15.679186
313.0,7.000000e-01,1.040764e+01,1.223302e+01,313.000000,7.209236e+01,-0.154902,3.249121,15.679186
313.0,8.000000e-01,1.161162e+01,1.185136e+01,313.000000,7.088838e+01,-0.096910,3.160559,15.679186
313.0,9.000000e-01,1.277980e+01,1.151557e+01,313.000000,6.972020e+01,-0.045757,3.085546,15.679186
313.0,1.000000e+00,1.391625e+01,1.121593e+01,313.000000,6.858375e+01,-0.000000,3.020856,15.679186
313.0,1.100000e+00,1.502424e+01,1.094549e+01,313.000000,6.747576e+01,0.041393,2.964262,15.679186
313.0,1.200000e+00,1.610641e+01,1.069913e+01,313.000000,6.639359e+01,0.079181,2.914170,15.679186
313.0,1.300000e+00,1.716497e+01,1.047297e+01,313.000000,6.533503e+01,0.113943,2.869398,15.679186
313.0,1.400000e+00,1.820179e+01,1.026399e+01,313.000000,6.429821e+01,0.146128,2.829051,15.679186
313.0,1.500000e+00,1.921847e+01,1.006979e+01,313.000000,6.328153e+01,0.176091,2.792434,15.679186
313.0,1.600000e+00,2.021637e+01,9.888457e+00,313.000000,6.228363e+01,0.204120,2.759000,15.679186
313.0,1.700000e+00,2.119671e+01,9.718417e+00,313.000000,6.130329e+01,0.230449,2.728309,15.679186
313.0,1.800000e+00,2.216055e+01,9.558368e+00,313.000000,6.033945e+01,0.255273,2.700003,15.679186
313.0,1.900000e+00,2.310883e+01,9.407223e+00,313.000000,5.939117e+01,0.278754,2.673788,15.679186
313.0,2.000000e+00,2.404241e+01,9.264060e+00,313.000000,5.845759e+01,0.301030,2.649419,15.679186
313.0,2.100000e+00,2.496203e+01,9.128096e+00,313.000000,5.753797e+01,0.322219,2.626689,15.679186
313.0,2.200000e+00,2.586838e+01,8.998655e+00,313.000000,5.663162e+01,0.342423,2.605424,15.679186
313.0,2.300000e+00,2.676208e+01,8.875156e+00,313.000000,5.573792e+01,0.361728,2.585475,15.679186
313.0,2.400000e+00,2.764371e+01,8.757091e+00,313.000000,5.485629e+01,0.380211,2.566849,15.679186
313.0,2.500000e+00,2.851382e+01,8.645369e+00,313.000000,5.398618e+01,0.397940,2.555759,15.679186
313.0,2.600000e+00,2.937322e+01,8.543571e+00,313.000000,5.312678e+01,0.414973,2.554117,15.679186
313.0,2.700000e+00,3.022305e+01,8.454316e+00,313.000000,5.227695e+01,0.431364,2.560159,15.679186
313.0,2.800000e+00,3.106464e+01,8.379108e+00,313.000000,5.143536e+01,0.447158,2.572467,15.679186
313.0,2.900000e+00,3.189943e+01,8.318675e+00,313.000000,5.060057e+01,0.462398,2.589908,15.679186
313.0,3.000000e+00,3.272893e+01,8.273222e+00,313.000000,4.977107e+01,0.477121,2.611573,15.679186
313.0,3.100000e+00,3.355461e+01,8.242595e+00,313.000000,4.894539e+01,0.491362,2.636734,15.679186
313.0,3.200000e+00,3.437795e+01,8.226407e+00,313.000000,4.812205e+01,0.505150,2.664811,15.679186
313.0,3.300000e+00,3.520036e+01,8.224117e+00,313.000000,4.729964e+01,0.518514,2.695342,15.679186
313.0,3.400000e+00,3.602321e+01,8.235096e+00,313.000000,4.647679e+01,0.531479,2.727961,15.679186
313.0,3.500000e+00,3.684778e+01,8.258662e+00,313.000000,4.565222e+01,0.544068,2.762381,15.679186
313.0,3.600000e+00,3.767531e+01,8.294119e+00,313.000000,4.482469e+01,0.556303,2.798380,15.679186
313.0,3.700000e+00,3.850694e+01,8.340769e+00,313.000000,4.399306e+01,0.568202,2.835791,15.679186
313.0,3.800000e+00,3.934376e+01,8.397935e+00,313.000000,4.315624e+01,0.579784,2.874493,15.679186
313.0,3.900000e+00,4.018679e+01,8.464968e+00,313.000000,4.231321e+01,0.591065,2.914403,15.679186
313.0,4.000000e+00,4.103699e+01,8.541253e+00,313.000000,4.146301e+01,0.602060,2.955473,15.679186
313.0,4.100000e+00,4.189525e+01,8.626219e+00,313.000000,4.060475e+01,0.612784,2.997683,15.679186
313.0,4.200000e+00,4.276242e+01,8.719337e+00,313.000000,3.973758e+01,0.623249,3.041042,15.679186
313.0,4.300000e+00,4.363928e+01,8.820128e+00,313.000000,3.886072e+01,0.633468,3.085580,15.679186
313.0,4.400000e+00,4.452658e+01,8.928159e+00,313.000000,3.797342e+01,0.643453,3.131351,15.679186
313.0,4.500000e+00,4.542503e+01,9.043047e+00,313.000000,3.707497e+01,0.653213,3.178429,15.679186
313.0,4.600000e+00,4.633529e+01,9.164459e+00,313.000000,3.616471e+01,0.662758,3.226909,15.679186
313.0,4.700000e+00,4.725800e+01,9.292110e+00,313.000000,3.524200e+01,0.672098,3.276907,15.679186
313.0,4.800000e+00,4.819378e+01,9.425767e+00,313.000000,3.430622e+01,0.681241,3.328557,15.679186
313.0,4.900000e+00,4.914321e+01,9.565246e+00,313.000000,3.335679e+01,0.690196,3.382016,15.679186
313.0,5.000000e+00,5.010688e+01,9.710412e+00,313.000000,3.239312e+01,0.698970,3.437464,15.679186
313.0,5.100000e+00,5.108534e+01,9.861181e+00,313.000000,3.141466e+01,0.707570,3.495105,15.679186
313.0,5.200000e+00,5.207915e+01,1.001752e+01,313.000000,3.042085e+01,0.716003,3.555172,15.679186
313.0,5.300000e+00,5.308887e+01,1.017945e+01,313.000000,2.941113e+01,0.724276,3.617928,15.679186
313.0,5.400000e+00,5.411506e+01,1.034704e+01,313.000000,2.838494e+01,0.732394,3.683673,15.679186
313.0,5.500000e+00,5.515830e+01,1.052042e+01,313.000000,2.734170e+01,0.740363,3.752749,15.679186
313.0,5.600000e+00,5.621917e+01,1.069978e+01,313.000000,2.628083e+01,0.748188,3.825547,15.679186
313.0,5.700000e+00,5.729828e+01,1.088538e+01,313.000000,2.520172e+01,0.755875,3.902520,15.679186
313.0,5.800000e+00,5.839627e+01,1.107754e+01,313.000000,2.410373e+01,0.763428,3.984190,15.679186
313.0,5.900000e+00,5.951382e+01,1.127667e+01,313.000000,2.298618e+01,0.770852,4.071171,15.679186
313.0,6.000000e+00,6.065165e+01,1.148325e+01,313.000000,2.184835e+01,0.778151,4.164184,15.679186
313.0,6.100000e+00,6.181053e+01,1.169790e+01,313.000000,2.068947e+01,0.785330,4.264090,15.679186
313.0,6.200000e+00,6.299131e+01,1.192133e+01,313.000000,1.950869e+01,0.792392,4.371928,15.679186
313.0,6.300000e+00,6.419489e+01,1.215441e+01,313.000000,1.830511e+01,0.799341,4.488962,15.679186
313.0,6.400000e+00,6.542231e+01,1.239821e+01,313.000000,1.707769e+01,0.806180,4.616761,15.679186
313.0,6.500000e+00,6.667468e+01,1.265400e+01,313.000000,1.582532e+01,0.812913,4.757299,15.679186
313.0,6.600000e+00,6.795330e+01,1.292335e+01,313.000000,1.454670e+01,0.819544,4.913110,15.679186
313.0,6.700000e+00,6.925959e+01,1.320824e+01,313.000000,1.324041e+01,0.826075,5.087521,15.679186
313.0,6.800000e+00,7.059525e+01,1.351115e+01,313.000000,1.190475e+01,0.832509,5.285020,15.679186
313.0,6.900000e+00,7.196222e+01,1.383528e+01,313.000000,1.053778e+01,0.838849,5.511868,15.679186
313.0,7.000000e+00,7.336282e+01,1.418493e+01,313.000000,9.137182e+00,0.845098,5.777173,15.679186
313.0,7.100000e+00,7.479988e+01,1.456598e+01,313.000000,7.700119e+00,0.851258,6.094926,15.679186
313.0,7.200000e+00,7.627694e+01,1.498700e+01,313.000000,6.223060e+00,0.857332,6.488269,15.679186
313.0,7.300000e+00,7.779860e+01,1.546134e+01,313.000000,4.701400e+00,0.863323,6.999855,15.679186
323.0,0.000000e+00,2.374893e-02,0.000000e+00,323.000000,8.247625e+01,-20.000000,20.527148,20.527148
323.0,1.000000e-01,2.144122e+00,1.988115e+01,323.000000,8.035588e+01,-1.000000,5.661847,20.527148
323.0,2.000000e-01,4.010724e+00,1.768095e+01,323.000000,7.848928e+01,-0.698970,4.776415,20.527148
323.0,3.000000e-01,5.711105e+00,1.640207e+01,323.000000,7.678890e+01,-0.522879,4.337903,20.527148
323.0,4.000000e-01,7.304601e+00,1.550323e+01,323.000000,7.519540e+01,-0.397940,4.057239,20.527148
323.0,5.000000e-01,8.819370e+00,1.481181e+01,323.000000,7.368063e+01,-0.301030,3.855474,20.527148
323.0,6.000000e-01,1.027190e+01,1.425089e+01,323.000000,7.222810e+01,-0.221849,3.700340,20.527148
323.0,7.000000e-01,1.167303e+01,1.377953e+01,323.000000,7.082697e+01,-0.154902,3.575686,20.527148
323.0,8.000000e-01,1.303041e+01,1.337339e+01,323.000000,6.946959e+01,-0.096910,3.472354,20.527148
323.0,9.000000e-01,1.434974e+01,1.301682e+01,323.000000,6.815026e+01,-0.045757,3.384684,20.527148
323.0,1.000000e+00,1.563541e+01,1.269920e+01,323.000000,6.686459e+01,-0.000000,3.308952,20.527148
323.0,1.100000e+00,1.689092e+01,1.241295e+01,323.000000,6.560908e+01,0.041393,3.242588,20.527148
323.0,1.200000e+00,1.811913e+01,1.215253e+01,323.000000,6.438087e+01,0.079181,3.183746,20.527148
323.0,1.300000e+00,1.932240e+01,1.191372e+01,323.000000,6.317760e+01,0.113943,3.131064,20.527148
323.0,1.400000e+00,2.050272e+01,1.169325e+01,323.000000,6.199728e+01,0.146128,3.083506,20.527148
323.0,1.500000e+00,2.166179e+01,1.148856e+01,323.000000,6.083821e+01,0.176091,3.040270,20.527148
323.0,1.600000e+00,2.280108e+01,1.129757e+01,323.000000,5.969892e+01,0.204120,3.000723,20.527148
323.0,1.700000e+00,2.392189e+01,1.111858e+01,323.000000,5.857811e+01,0.230449,2.964355,20.527148
323.0,1.800000e+00,2.502532e+01,1.095020e+01,323.000000,5.747468e+01,0.255273,2.930754,20.527148
323.0,1.900000e+00,2.611240e+01,1.079126e+01,323.000000,5.638760e+01,0.278754,2.899579,20.527148
323.0,2.000000e+00,2.718401e+01,1.064078e+01,323.000000,5.531599e+01,0.301030,2.870546,20.527148
323.0,2.100000e+00,2.824097e+01,1.049841e+01,323.000000,5.425903e+01,0.322219,2.847440,20.527148
323.0,2.200000e+00,2.928425e+01,1.036838e+01,323.000000,5.321575e+01,0.342423,2.839970,20.527148
323.0,2.300000e+00,3.031534e+01,1.025545e+01,323.000000,5.218466e+01,0.361728,2.845478,20.527148
323.0,2.400000e+00,3.133610e+01,1.016217e+01,323.000000,5.116390e+01,0.380211,2.861283,20.527148
323.0,2.500000e+00,3.234855e+01,1.008960e+01,323.000000,5.015145e+01,0.397940,2.885322,20.527148
323.0,2.600000e+00,3.335477e+01,1.003790e+01,323.000000,4.914523e+01,0.414973,2.916006,20.527148
323.0,2.700000e+00,3.435685e+01,1.000663e+01,323.000000,4.814315e+01,0.431364,2.952111,20.527148
323.0,2.800000e+00,3.535678e+01,9.995014e+00,323.000000,4.714322e+01,0.447158,2.992700,20.527148
323.0,2.900000e+00,3.635648e+01,1.000209e+01,323.000000,4.614352e+01,0.462398,3.037056,20.527148
323.0,3.000000e+00,3.735777e+01,1.002679e+01,323.000000,4.514223e+01,0.477121,3.084635,20.527148
323.0,3.100000e+00,3.836235e+01,1.006803e+01,323.000000,4.413765e+01,0.491362,3.135037,20.527148
323.0,3.200000e+00,3.937184e+01,1.012472e+01,323.000000,4.312816e+01,0.505150,3.187971,20.527148
323.0,3.300000e+00,4.038771e+01,1.019585e+01,323.000000,4.211229e+01,0.518514,3.243240,20.527148
323.0,3.400000e+00,4.141138e+01,1.028043e+01,323.000000,4.108862e+01,0.531479,3.300725,20.527148
323.0,3.500000e+00,4.244413e+01,1.037759e+01,323.000000,4.005587e+01,0.544068,3.360371,20.527148
323.0,3.600000e+00,4.348718e+01,1.048651e+01,323.000000,3.901282e+01,0.556303,3.422183,20.527148
323.0,3.700000e+00,4.454168e+01,1.060646e+01,323.000000,3.795832e+01,0.568202,3.486217,20.527148
323.0,3.800000e+00,4.560870e+01,1.073683e+01,323.000000,3.689130e+01,0.579784,3.552575,20.527148
323.0,3.900000e+00,4.668924e+01,1.087705e+01,323.000000,3.581076e+01,0.591065,3.621408,20.527148
323.0,4.000000e+00,4.778428e+01,1.102668e+01,323.000000,3.471572e+01,0.602060,3.692910,20.527148
323.0,4.100000e+00,4.889472e+01,1.118535e+01,323.000000,3.360528e+01,0.612784,3.767320,20.527148
323.0,4.200000e+00,5.002148e+01,1.135278e+01,323.000000,3.247852e+01,0.623249,3.844929,20.527148
323.0,4.300000e+00,5.116540e+01,1.152880e+01,323.000000,3.133460e+01,0.633468,3.926077,20.527148
323.0,4.400000e+00,5.232734e+01,1.171332e+01,323.000000,3.017266e+01,0.643453,4.011168,20.527148
323.0,4.500000e+00,5.350815e+01,1.190634e+01,323.000000,2.899185e+01,0.653213,4.100670,20.527148
323.0,4.600000e+00,5.470870e+01,1.210796e+01,323.000000,2.779130e+01,0.662758,4.195133,20.527148
323.0,4.700000e+00,5.592983e+01,1.231841e+01,323.000000,2.657017e+01,0.672098,4.295200,20.527148
323.0,4.800000e+00,5.717247e+01,1.253801e+01,323.000000,2.532753e+01,0.681241,4.401634,20.527148
323.0,4.900000e+00,5.843753e+01,1.276721e+01,323.000000,2.406247e+01,0.690196,4.515336,20.527148
323.0,5.000000e+00,5.972602e+01,1.300662e+01,323.000000,2.277398e+01,0.698970,4.637390,20.527148
323.0,5.100000e+00,6.103898e+01,1.325700e+01,323.000000,2.146102e+01,0.707570,4.769108,20.527148
323.0,5.200000e+00,6.237756e+01,1.351932e+01,323.000000,2.012244e+01,0.716003,4.912103,20.527148
323.0,5.300000e+00,6.374301e+01,1.379479e+01,323.000000,1.875699e+01,0.724276,5.068379,20.527148
323.0,5.400000e+00,6.513672e+01,1.408491e+01,323.000000,1.736328e+01,0.732394,5.240480,20.527148
323.0,5.500000e+00,6.656024e+01,1.439158e+01,323.000000,1.593976e+01,0.740363,5.431691,20.527148
323.0,5.600000e+00,6.801535e+01,1.471720e+01,323.000000,1.448465e+01,0.748188,5.646362,20.527148
323.0,5.700000e+00,6.950408e+01,1.506483e+01,323.000000,1.299592e+01,0.755875,5.890415,20.527148
323.0,5.800000e+00,7.102882e+01,1.543855e+01,323.000000,1.147118e+01,0.763428,6.172209,20.527148
323.0,5.900000e+00,7.259245e+01,1.584382e+01,323.000000,9.907550e+00,0.770852,6.504070,20.527148
323.0,6.000000e+00,7.419847e+01,1.628833e+01,323.000000,8.301532e+00,0.778151,6.905275,20.527148
323.0,6.100000e+00,7.585133e+01,1.678350e+01,323.000000,6.648672e+00,0.785330,7.408482,20.527148
323.0,6.200000e+00,7.755692e+01,1.734762e+01,323.000000,4.943078e+00,0.792392,8.075988,20.527148
